Price,Posted Date,Unit No.,Address,Bedrooms,Bathrooms,Parking,Size,Maintenance,URL
399000,Aug-04-2020,2705,151 Village Green Sq,1.5,1,1,600,442,https://condos.ca/toronto/151-village-green-sq-toronto/unit-2705-E4855751
498900,Aug-04-2020,703,32 Camden St,0,1,0,499,319,https://condos.ca/toronto/thirty-two-camden-lofts-32-camden-st/unit-703-C4855676
449800,Aug-04-2020,1011,17 Zorra St,1,2,1,500,371,https://condos.ca/toronto/park-towers-condominiums-at-iq-15-zorra-st-17-zorra-st/unit-1011-W4855749
498000,Aug-04-2020,807,151 Village Green Sq,2.5,2,1,800,558,https://condos.ca/toronto/151-village-green-sq-toronto/unit-807-E4855577
497000,Aug-04-2020,202,6 Eva Rd,1.5,1,1,600,451,https://condos.ca/toronto/west-village-i-6-eva-rd/unit-202-W4855681
469900,Aug-04-2020,1002,400 Mclevin Ave,2.5,2,1,1200,799,https://condos.ca/toronto/mayfair-on-the-green-1-400-mclevin-ave/unit-1002-E4855593
499900,Aug-04-2020,1002,320 Richmond St E,1,1,1,499,337,https://condos.ca/toronto/the-modern-320-richmond-st-e/unit-1002-C4855271
488000,Aug-04-2020,PH06,19 Singer Crt,1.5,1,1,700,609,https://condos.ca/toronto/discovery-i-and-discovery-ii-15-33-singer-crt/unit-Ph06-C4855369
479900,Aug-04-2020,109,40 Sunrise Ave,3,2,1,1000,691,https://condos.ca/toronto/30-40-sunrise-avenue-condos-30-sunrise-ave-40-sunrise-ave/unit-109-C4855154
449000,Aug-04-2020,1004,80 Esther Lorrie Dr,1.5,1,1,600,563,https://condos.ca/toronto/cloud-9-80-esther-lorrie-dr/unit-1004-W4855208
499900,Aug-04-2020,309,212 St George St,1,1,1,500,645,https://condos.ca/toronto/powell-house-212-st-george-st/unit-309-C4855137
449000,Aug-04-2020,1710,225 Sherway Gardens Rd,1.5,1,1,600,571,https://condos.ca/toronto/one-sherway-2-225-sherway-gardens-rd/unit-1710-W4855107
489900,Aug-04-2020,1603,716 The West Mall,2.5,2,1,1200,893,https://condos.ca/toronto/the-buckingham-714-the-west-mall-716-the-west-mall/unit-1603-W4855084
449900,Aug-04-2020,#203,10 Dean Park Rd,2,2,1,1000,626,https://condos.ca/toronto/camargue-2-10-dean-park-rd-20-dean-park-rd/unit-203-E4854892
499000,Aug-04-2020,3912,50 Charles St E,0,1,0,499,206,https://condos.ca/toronto/casa-3-50-charles-st-e/unit-3912-C4854798
219900,Aug-04-2020,439,4645 Jane St,2,1,1,800,720,https://condos.ca/toronto/4745-jane-street-condos-4645-4771-jane-st/unit-439-W4854581
399900,Aug-04-2020,600,18 Pemberton Ave,1,1,1,500,469,https://condos.ca/toronto/park-palace-2-18-pemberton-ave/unit-600-C4854551
475000,Aug-04-2020,907,5 Parkway Forest Dr,2,1,1,900,675,https://condos.ca/toronto/york-gardens-2-165-village-greenway-5-parkway-forest-dr/unit-907-C4854580
462777,Aug-04-2020,1309,330 Mccowan Rd,1.5,1,1,600,409,https://condos.ca/toronto/sterling-club-2-330-mccowan-rd/unit-1309-E4854555
499000,Aug-04-2020,229,2 Eva Rd,1,1,1,600,489,https://condos.ca/toronto/west-village-2-2-eva-rd/unit-229-W4854518
415000,Aug-03-2020,201,735 Don Mills Rd,1,1,1,600,543,https://condos.ca/toronto/715-don-mills-715-735-don-mills-rd/unit-201-C4854439
479000,Aug-03-2020,309,7 Michael Power Pl,1,1,1,500,503,https://condos.ca/toronto/port-royal-place-5-7-michael-power-pl/unit-309-W4854392
499900,Aug-03-2020,807,20 Tubman Ave,1.5,1,0,500,350,https://condos.ca/toronto/the-wyatt-501-dundas-st-e-20-tubman-ave/unit-807-C4854369
398000,Aug-04-2020,3505,36 Lee Centre Dr,1,1,1,500,347,https://condos.ca/toronto/ellipse-west-tower-36-lee-centre-dr/unit-3505-E4854754
319900,Aug-04-2020,128,5225 Finch Ave E,1.5,1,1,500,328,https://condos.ca/toronto/woodside-pointe-5225-finch-ave-e-5235-finch-ave-e/unit-128-E4854761
439900,Aug-04-2020,16I,8 Rosebank Dr,1.5,1,1,600,488,https://condos.ca/toronto/markham-place-8-rosebank-dr/unit-16I-E4854596
379900,Aug-03-2020,1601,2901 Kipling Ave,1.5,1,1,600,462,https://condos.ca/toronto/rowntree-mill-2901-kipling-ave/unit-1601-W4854241
425000,Aug-02-2020,11D,6 Rosebank Dr,1,1,1,500,388,https://condos.ca/toronto/markham-place-2-6-rosebank-dr/unit-11D-E4854063
399000,Aug-02-2020,306,2 Ridelle Ave,2,1,2,900,580,https://condos.ca/toronto/ridelle-plaza-2-ridelle-ave/unit-306-C4854053
449800,Aug-02-2020,1505,18 Lee Centre Dr,1.5,1,1,600,563,https://condos.ca/toronto/hillsborough-court-18-lee-centre-dr/unit-1505-E4853921
499990,Aug-02-2020,163,252 John Garland Blvd,4.0,2,1,1200,586,https://condos.ca/toronto/252-john-garland-townhouses-242-262-john-garland-blvd/unit-163-W4853839
499000,Aug-01-2020,707,55 Huntingdale Blvd,2.5,2,1,1400,966,https://condos.ca/toronto/55-huntingdale-boulevard-scarborough/unit-707-E4853199
389900,Aug-01-2020,405,100 Wingarden Crt,2,2,1,1000,589,https://condos.ca/toronto/100-wingarden-court-condominium-100-wingarden-crt/unit-405-E4853538
399000,Aug-01-2020,802,15 James Finlay Way,1.5,2,1,700,702,https://condos.ca/toronto/ion-condos-15-james-finlay-way/unit-802-W4853517
499900,Aug-01-2020,1811,235 Sherway Gardens Rd,1.5,1,1,600,522,https://condos.ca/toronto/one-sherway-i-235-sherway-gardens-rd/unit-1811-W4853267
499000,Aug-01-2020,1611,840 Queen's Plate Dr,1.5,2,1,700,512,https://condos.ca/toronto/the-lexington-condominium-residences-by-the-park-840-queens-plate-dr/unit-1611-W4853395
409900,Aug-03-2020,1004,1 Massey Sq,2,1,1,900,763,https://condos.ca/toronto/crescent-town-6-12-crescent-town-rd-1-5-massey-sq/unit-1004-E4854223
499900,Aug-01-2020,105,17 Zorra St,1.5,2,1,600,438,https://condos.ca/toronto/park-towers-condominiums-at-iq-15-zorra-st-17-zorra-st/unit-105-W4853177
409999,Aug-01-2020,1012,3050 Ellesmere Rd,2,2,1,1000,764,https://condos.ca/toronto/mapledale-3050-ellesmere-rd/unit-1012-E4853198
459900,Jul-31-2020,607,271 Ridley Blvd,1.5,1,1,900,882,https://condos.ca/toronto/ridley-boulevard-1-271-ridley-blvd/unit-607-C4851989
399000,Jul-31-2020,2010,125 George Appleton Way,1,1,1,500,286,https://condos.ca/toronto/125-george-appleton-way-north-york
459000,Aug-01-2020,1007,15 James Finlay Way,1.5,2,2,600,635,https://condos.ca/toronto/ion-condos-15-james-finlay-way/unit-1007-W4852993
375800,Jul-31-2020,1711,3233 Eglinton Ave,1.5,1,1,700,553,https://condos.ca/toronto/guildwood-terrace-3231-eglinton-ave-e-3233-eglinton-ave-e/unit-1711-E4852175
398000,Aug-01-2020,504,5949 Yonge St,1.5,1,1,600,581,https://condos.ca/toronto/5949-yonge-street-north-york/unit-504-C4852712
398000,Aug-01-2020,504,5949 Yonge St,1.5,1,1,600,581,https://condos.ca/toronto/5949-yonge-street-north-york/unit-504-C4852712
499000,Aug-01-2020,605,170 Fort York Blvd,1,1,0,499,334,https://condos.ca/toronto/library-district-170-fort-york-blvd/unit-605-C4852592
469900,Aug-01-2020,207,2355 Sheppard Ave W,1,1,1,500,177,https://condos.ca/toronto/the-brownstones-at-westown-60-100-parrotta-dr-2315-2355-sheppard-ave-w/unit-207-W4852525
499800,Aug-01-2020,242,165 Cherokee Blvd,4,2,1,1200,447,https://condos.ca/toronto/woodfinch-mews-165-cherokee-blvd/unit-242-C4852769
474900,Jul-31-2020,,,1,1,1,600,360,https://condos.ca/toronto/the-shermount-21-25-replin-rd-650-lawrence-ave-w/c4851809
369900,Jul-31-2020,# 1705,101 Prudential Dr,1,1,1,700,500,https://condos.ca/toronto/the-birches-101-prudential-dr/unit-1705-E4852292
469900,Aug-01-2020,Unit325,8 Mercer St,0,1,0,499,196,https://condos.ca/toronto/the-mercer-8-mercer-st/unit-Unit325-C4852892
448000,Jul-31-2020,PH4,955 O'connor Dr,2.5,2,1,900,586,https://condos.ca/toronto/955-oconnor-condos-955-o-connor-dr/unit-Ph4-E4851739
484000,Jul-31-2020,#509,7 Michael Power Pl,1,1,1,500,503,https://condos.ca/toronto/port-royal-place-5-7-michael-power-pl/unit-509-W4852161
499999,Jul-31-2020,101,1900 Sheppard Ave E,3.5,2,1,1000,1076,https://condos.ca/toronto/crossroads-ii-1900-sheppard-ave-e/unit-101-C4852064
499900,Aug-01-2020,110,2035 Sheppard Ave E,1,1,1,500,552,https://condos.ca/toronto/legacy-at-herons-hill-30-heron-s-hill-way-2035-sheppard-ave-e/unit-110-C4852747
499999,Aug-01-2020,1604,50 Charles St E,1,1,0,499,208,https://condos.ca/toronto/casa-3-50-charles-st-e/unit-1604-C4852995
439000,Jul-31-2020,708,160 Flemington Rd,1.5,1,0,500,399,https://condos.ca/toronto/the-yorkdale-1-leila-ln-152-160-flemington-rd/unit-708-W4852326
499999,Jul-31-2020,103,3 Applewood Lane W,2,1,1,700,197,https://condos.ca/toronto/dwell-city-towns-3-35-applewood-lane-2-holiday-dr/unit-103-W4851773
499900,Jul-31-2020,509,2088 Lawrence Ave W,3,2,1,1200,971,https://condos.ca/toronto/river-hill-2088-lawrence-ave-w/unit-509-W4852320
499999,Aug-01-2020,5211,30 Shore Breeze Dr,1,1,1,500,468,https://condos.ca/toronto/sky-tower-at-eau-du-soleil-30-shore-breeze-drive-2183-lake-shore-blvd-w/unit-5211-W4853087
499900,Aug-01-2020,303,503 Beecroft Rd,1.5,1,1,600,657,https://condos.ca/toronto/c-condos-503-beecroft-rd/unit-303-C4853113
499000,Jul-31-2020,1203,215 Queen St W,1,1,0,499,361,https://condos.ca/toronto/smart-house-215-queen-st-w/unit-1203-C4852208
495000,Jul-31-2020,2202,125 Village Green Sq,1.5,1,1,700,405,https://condos.ca/toronto/solaris-1-125-village-green-square/unit-2202-E4851788
399900,Jul-31-2020,104,2615 Keele St,1,1,1,700,437,https://condos.ca/toronto/2615-keele-street-north-york
475000,Aug-01-2020,621,800 Lawrence Ave W,1,1,1,499,341,https://condos.ca/toronto/treviso-36-via-bagnato-800-lawrence-ave-w/unit-621-W4852991
499980,Jul-31-2020,2628,68 Corporate Dr,2,2,1,800,616,https://condos.ca/toronto/the-residences-at-the-consilium-2-68-corporate-dr/unit-2628-E4851588
499888,Jul-31-2020,44,9540 Sheppard Ave E,3,2,1,1000,259,https://condos.ca/toronto/hedge-end-road-condos-9530-9550-sheppard-ave-e-1374-1398-meadowvale-rd-41-89-hedge-end-rd/unit-44-E4850954
399900,Jul-31-2020,25,16 Rexdale Blvd,2,2,1,1000,419,https://condos.ca/toronto/40-rexdale-blvd-townhouses-16-40-rexdale-blvd/unit-25-W4851297
450000,Jul-31-2020,1010,150 Fairview Mall Dr,0,1,0,499,201,https://condos.ca/toronto/soul-fairview-150-fairview-mall-dr/unit-1010-C4851490
499000,Jul-31-2020,204,50 Forest Manor Rd,1.5,1,1,600,443,https://condos.ca/toronto/fifth-on-the-park-50-forest-manor-rd/unit-204-C4851417
499000,Jul-31-2020,203,235 Sherway Gardens Rd,1.5,2,1,800,656,https://condos.ca/toronto/one-sherway-i-235-sherway-gardens-rd/unit-203-W4852261
499000,Jul-31-2020,PH 09,22 Olive Ave,1,1,1,600,483,https://condos.ca/toronto/princess-place-111-22-olive-ave/unit-Ph09-C4851187
399000,Jul-31-2020,1020,15 James Finlay Way,1,1,1,500,526,https://condos.ca/toronto/ion-condos-15-james-finlay-way/unit-1020-W4851731
388888,Aug-01-2020,401,735 Don Mills Rd,1,1,1,700,543,https://condos.ca/toronto/715-don-mills-715-735-don-mills-rd/unit-401-C4852633
443000,Jul-31-2020,1812,8 Lee Centre Dr,1,1,1,500,443,https://condos.ca/toronto/hillsborough-court-2-8-lee-centre-dr/unit-1812-E4851083
489000,Jul-31-2020,4508,12 York St,0,1,0,499,282,https://condos.ca/toronto/ice-condos-ice-condos-ii-12-york-st-14-york-st/unit-4508-C4851111
485000,Jul-31-2020,#1608,2901 Kipling Ave,2,2,1,1000,718,https://condos.ca/toronto/rowntree-mill-2901-kipling-ave/unit-1608-W4851047
399900,Jul-31-2020,1107,2150 Lawrence Ave E,1.5,1,0,500,366,https://condos.ca/toronto/2150-condos-phase-2-2150-lawrence-ave-e-2152-lawrence-ave-e/unit-1107-E4851244
458000,Jul-31-2020,,,2.5,2,2,1000,851,https://condos.ca/toronto/the-ambassadors-ll-330-alton-towers-cir/unit-Ph203-E4851237
499988,Jul-30-2020,907,1 Rean Dr,1,1,1,500,508,https://condos.ca/toronto/ny-towers-the-chrysler-1-rean-dr-3-rean-dr/unit-907-C4850911
442500,Jul-30-2020,1007,840 Queen's Plate Dr,1,1,1,500,405,https://condos.ca/toronto/the-lexington-condominium-residences-by-the-park-840-queens-plate-dr/unit-1007-W4850795
499000,Jul-30-2020,308,627 The West Mall St,3,2,1,1200,873,https://condos.ca/toronto/summit-royal-625-the-west-mall-627-the-west-mall/unit-308-W4850606
499900,Jul-30-2020,708,2901 Kipling Ave,2,2,2,1200,718,https://condos.ca/toronto/rowntree-mill-2901-kipling-ave/unit-708-W4850760
428000,Jul-30-2020,519,181 Village Green Sq,1,1,1,499,351,https://condos.ca/toronto/ventus-ii-at-metrogate-181-village-green-square/unit-519-E4850502
478800,Jul-31-2020,# 407,11 Fontenay Crt,3,2,1,1400,685,https://condos.ca/toronto/11-fontenay-court-etobicoke
419000,Jul-30-2020,626,231 Fort York Blvd,0,1,0,499,237,https://condos.ca/toronto/atlantis-at-waterpark-city-231-fort-york-blvd/unit-626-C4850415
399000,Jul-30-2020,1B,6 Rosebank Dr,1.5,1,1,600,464,https://condos.ca/toronto/markham-place-2-6-rosebank-dr/unit-1B-E4850405
455000,Jul-30-2020,806,125 Village Green Sq,1.5,1,1,600,378,https://condos.ca/toronto/solaris-1-125-village-green-square/unit-806-E4850247
399900,Jul-30-2020,2608,9 Valhalla Inn Rd,1,1,1,500,357,https://condos.ca/toronto/triumph-at-valhalla-9-valhalla-inn-rd/unit-2608-W4850291
488800,Jul-31-2020,401,9 Michael Power Pl,1,1,1,600,538,https://condos.ca/toronto/port-royal-place-4-9-michael-power-pl/unit-401-W4851814
488000,Jul-30-2020,2209,28 Harrison Garden Blvd,1,1,1,500,448,https://condos.ca/toronto/spectrum-condos-28-harrison-garden-blvd/unit-2209-C4850140
499990,Jul-31-2020,816,88 Corporate Dr,2.5,2,2,1000,708,https://condos.ca/toronto/the-residences-at-the-consilium-l-88-corporate-dr/unit-816-E4851161
379000,Jul-30-2020,307,2645 Kipling Ave,2,1,1,1200,430,https://condos.ca/toronto/2645-kipling-avenue-condos-2645-kipling-ave/unit-307-W4850062
499999,Jul-30-2020,1605,33 Shore Breeze Dr,1,1,0,500,315,https://condos.ca/toronto/jade-waterfront-condos-33-shore-breeze-drive/unit-1605-W4850068
399900,Jul-31-2020,917,5 Soudan Ave,1,1,0,499,270,https://condos.ca/toronto/art-shoppe-lofts-condos-8-hillsdale-ave-e-2131-yonge-st-5-soudan-ave/unit-917-C4851645
449900,Jul-30-2020,1111,80 Esther Lorrie Dr,1,1,1,600,538,https://condos.ca/toronto/cloud-9-80-esther-lorrie-dr/unit-1111-W4850925
479000,Jul-30-2020,628,27 Rean Dr,1,1,1,500,540,https://condos.ca/toronto/merci-condos-27-rean-dr/unit-628-C4849978
499000,Jul-30-2020,807,11753 Sheppard Ave,2.5,2,1,1000,728,https://condos.ca/toronto/platinum-rouge-11753-sheppard-ave-e/unit-807-E4849844
460000,Jul-29-2020,1411,181 Village Green Sq,1,1,1,500,401,https://condos.ca/toronto/ventus-ii-at-metrogate-181-village-green-square/unit-1411-E4849305
489900,Jul-29-2020,407,8 Fieldway Rd,1,1,0,500,395,https://condos.ca/toronto/westwood-condos-8-fieldway-rd/unit-407-W4849294
399000,Jul-29-2020,1612,25 Silver Springs Blvd,1.5,1,1,900,539,https://condos.ca/toronto/woodlands-on-the-park-25-silver-springs-blvd-45-silver-springs-blvd/unit-1612-E4849146
492000,Jul-30-2020,3107,105 The Queensway Ave,1,1,0,499,370,https://condos.ca/toronto/nxt-2-105-the-queensway/unit-3107-W4849531
449000,Jul-30-2020,PH05,735 Don Mills Rd,1,1,1,500,551,https://condos.ca/toronto/715-don-mills-715-735-don-mills-rd/unit-Ph05-C4849459
499999,Jul-30-2020,719,169 Fort York Blvd,1,1,0,500,327,https://condos.ca/toronto/garrison-at-fort-york-169-fort-york-blvd/unit-719-C4849456
499000,Jul-29-2020,1907,215 Fort York Blvd,1,1,1,600,377,https://condos.ca/toronto/neptune-neptune-2-at-waterpark-city-209-fort-york-blvd-215-fort-york-blvd/unit-1907-C4848613
468000,Jul-30-2020,1503,120 Dundalk Dr,3,2,1,1200,874,https://condos.ca/toronto/120-dundalk-drive-condos-120-dundalk-dr/unit-1503-E4849964
499000,Jul-29-2020,2802,88 Grangeway Ave,2,1,1,700,574,https://condos.ca/toronto/altitude-88-grangeway-ave/unit-2802-E4848956
469900,Jul-30-2020,2108,56 Forest Manor Rd,1.5,1,0,499,263,https://condos.ca/toronto/the-park-club-emerald-city-56-forest-manor-rd/unit-2108-C4849389
499000,Aug-01-2020,3212,125 Redpath Ave,1,1,1,500,327,https://condos.ca/toronto/the-eglinton-125-redpath-ave/unit-3212-C4852583
450000,Jul-31-2020,16,435 Silverstone Dr,2.5,2,1,1200,470,https://condos.ca/toronto/431-silverstone-condos-1701-albion-rd-431-437-silverstone-dr/unit-16-W4852370
498800,Jul-29-2020,337,1005 King St W,1,1,1,500,465,https://condos.ca/toronto/dna-north-tower-1005-king-st-w/unit-337-C4849361
479900,Jul-29-2020,705,61 Markbrook Lane,2,2,1,1000,466,https://condos.ca/toronto/cascades-1-61-markbrook-ln/unit-705-W4849369
489000,Jul-29-2020,317,1070 Progress Ave,2,2,1,1000,396,https://condos.ca/toronto/orchid-place-condos-80-90-orchid-pl-dr-1070-progress-ave/unit-317-E4848598
459000,Jul-29-2020,# 213,475 The West Mall,2,1,1,1200,735,https://condos.ca/toronto/sunset-west-475-the-west-mall/unit-213-W4849290
431900,Jul-31-2020,2070,100 Mornelle Crt,2.5,2,1,1200,649,https://condos.ca/toronto/centennial-hill-condominiums-100-mornelle-crt/unit-2070-E4851383
459000,Jul-29-2020,1409,17 Zorra St,1,1,0,499,297,https://condos.ca/toronto/park-towers-condominiums-at-iq-15-zorra-st-17-zorra-st/unit-1409-W4848592
449900,Jul-29-2020,PH 32,18 Mondeo Dr,1,1,1,600,387,https://condos.ca/toronto/mondeo-springs-2-18-mondeo-dr/unit-Ph32-E4849137
454800,Jul-29-2020,501,40 Panorama Crt,3,2,1,1200,671,https://condos.ca/toronto/40-panorama-court-condos-40-panorama-crt/unit-501-W4848585
448800,Jul-30-2020,,,1.5,2,1,1400,988,https://condos.ca/toronto/skypark-255-bamburgh-cir/unit-309-E4849834
409900,Jul-30-2020,1206,430 Mclevin Ave,1,1,2,800,457,https://condos.ca/toronto/mayfair-on-the-green-3-430-mclevin-ave/unit-1206-E4849514
349900,Jul-30-2020,1112,121 Trudelle St,2,2,1,700,794,https://condos.ca/toronto/mccowan-place-121-trudelle-st/unit-1112-E4849390
458800,Jul-29-2020,44,2315 Sheppard Ave W,1,1,1,500,181,https://condos.ca/toronto/the-brownstones-at-westown-60-100-parrotta-dr-2315-2355-sheppard-ave-w/unit-44-W4848838
449800,Jul-29-2020,1507,121 Trudelle St,2,2,1,1000,794,https://condos.ca/toronto/mccowan-place-121-trudelle-st/unit-1507-E4848719
449900,Jul-30-2020,,,2.5,2,1,1100,565,https://condos.ca/toronto/platinum-east-80-alton-towers-cir/unit-613-E4849798
499900,Jul-30-2020,1511,1 Lee Centre Dr,2,2,2,900,739,https://condos.ca/toronto/may-tower-1-1-lee-centre-dr/unit-1511-E4850088
499999,Jul-30-2020,1806,33 Shore Breeze Dr,1,1,0,500,315,https://condos.ca/toronto/jade-waterfront-condos-33-shore-breeze-drive/unit-1806-W4850067
339900,Jul-29-2020,,,3,1,1,700,715,https://condos.ca/toronto/50-lotherton-1-121-lotherton-pathway/unit-807-W4848582
469000,Jul-30-2020,2203,710 Humberwood Blvd,1.5,1,1,700,436,https://condos.ca/toronto/mansions-of-humberwood-710-humberwood-blvd/unit-2203-W4849413
489900,Jul-29-2020,904,420 Mill Rd,2,1,1,1000,687,https://condos.ca/toronto/burnham-glen-420-mill-rd/unit-904-W4849014
500000,Jul-29-2020,1111,4968 Yonge St,1,1,1,500,434,https://condos.ca/toronto/ultima-at-broadway-4968-yonge-st/unit-1111-C4849356
479900,Jul-29-2020,3606,21 Carlton St,0,1,0,499,284,https://condos.ca/toronto/the-met-21-carlton-st/unit-3606-C4849342
399000,Jul-29-2020,1503,8 Colborne St,1,1,0,499,710,https://condos.ca/toronto/cosmopolitan-8-colborne-st/unit-1503-C4848603
499990,Jul-29-2020,1305,66 Forest Manor Rd,1,1,1,600,413,https://condos.ca/toronto/emerald-city-2-66-forest-manor-rd/unit-1305-C4848976
499000,Jul-29-2020,604,11753 Sheppard Ave,2,2,1,1000,728,https://condos.ca/toronto/platinum-rouge-11753-sheppard-ave-e/unit-604-E4848442
482500,Jul-29-2020,408,21 Markbrook Lane,2,2,1,1000,587,https://condos.ca/toronto/consulate-ii-properties-21-markbrook-ln/unit-408-W4848369
499888,Jul-29-2020,1112,14 York St,1.5,1,0,500,438,https://condos.ca/toronto/ice-condos-ice-condos-ii-12-york-st-14-york-st/unit-1112-C4848339
399000,Jul-30-2020,1703,2550 Lawrence Ave E,2,2,1,900,643,https://condos.ca/toronto/scarborough-fair-2-2550-lawrence-ave-e/unit-1703-E4849836
499000,Jul-30-2020,359,525 Wilson Ave,1,1,1,500,401,https://condos.ca/toronto/gramercy-park-525-wilson-ave/unit-359-C4850635
399200,Jul-28-2020,1707,1360 York Mills Rd,2,1,1,900,644,https://condos.ca/toronto/1350-york-mills-1350-york-mills-rd-1360-york-mills-rd/unit-1707-C4847528
489000,Jul-29-2020,514,75 Dalhousie St,1,1,0,600,567,https://condos.ca/toronto/the-boot-75-dalhousie-st/unit-514-C4848205
459000,Jul-29-2020,212,8 Trent Ave,2,1,0,600,325,https://condos.ca/toronto/the-village-by-main-station-8-trent-ave-14-trent-ave/unit-212-E4848430
499000,Jul-28-2020,1903,66 Forest Manor Rd,1,1,1,500,429,https://condos.ca/toronto/emerald-city-2-66-forest-manor-rd/unit-1903-C4847827
499000,Jul-29-2020,1805,627 The West Mall,3.5,2,1,1600,944,https://condos.ca/toronto/summit-royal-625-the-west-mall-627-the-west-mall/unit-1805-W4849067
499900,Jul-29-2020,1101,1201 Steeles Ave W,2.5,2,2,1400,1000,https://condos.ca/toronto/the-courtlands-1201-steeles-ave-w/unit-1101-C4848215
459000,Jul-29-2020,207,98 Lillian St,0,1,0,499,291,https://condos.ca/toronto/the-madison-at-yonge-and-eglinton-98-lillian-st-89-dunfield-ave-101-eglinton-ave-e/unit-207-C4848257
419999,Jul-29-2020,1013,2121 Lakeshore Blvd W,0,1,1,499,292,https://condos.ca/toronto/voyager-i-at-waterview-2121-lake-shore-blvd-w/unit-1013-W4848814
425000,Jul-28-2020,502,2 Glamorgan Ave,2,1,1,900,668,https://condos.ca/toronto/the-copenhagen-2-glamorgan-ave/unit-502-E4847459
449000,Jul-28-2020,521,700 Humberwood Blvd,1,1,1,600,364,https://condos.ca/toronto/mansions-of-humberwood-2-700-humberwood-blvd/unit-521-W4847464
459888,Jul-28-2020,702,60 Pavane Link Way,2.5,1,1,900,639,https://condos.ca/toronto/60-pavane-linkway-condos-60-pavane-linkway/unit-702-C4847242
369900,Jul-29-2020,1008,100 Dundalk Dr,2,1,1,900,550,https://condos.ca/toronto/kennedy-place-100-dundalk-dr/unit-1008-E4847908
399900,Jul-30-2020,602,15 London Green Crt,3,2,1,1000,831,https://condos.ca/toronto/15-london-green-court-condos-15-london-green-crt/unit-602-W4850380
499000,Jul-29-2020,LPH06,5500 Yonge St,1,1,1,500,409,https://condos.ca/toronto/pulse-5500-yonge-st/unit-Lph06-C4848780
499900,Jul-28-2020,203,955 O'connor Dr,2,2,1,1200,626,https://condos.ca/toronto/955-oconnor-condos-955-o-connor-dr/unit-203-E4847557
429000,Jul-28-2020,2019,3025 Finch Ave W,2,1,1,700,387,https://condos.ca/toronto/harmony-village-iii-3025-finch-ave-w-3049-finch-ave-w/unit-2019-W4847276
449000,Jul-28-2020,107,1071 Woodbine Ave,2,1,1,1000,712,https://condos.ca/toronto/1071-woodbine-avenue-condos-1071-woodbine-ave/unit-107-E4847533
419000,Jul-29-2020,,,1.5,1,1,700,569,https://condos.ca/toronto/park-vista-4-park-vista/unit-612-E4848483
499000,Jul-28-2020,1116,88 Blue Jays Way,1,1,0,499,389,https://condos.ca/toronto/bisha-hotel-residences-88-blue-jays-way/unit-1116-C4847073
420000,Jul-28-2020,PH19,5 Massey Sq,2,1,1,900,764,https://condos.ca/toronto/crescent-town-6-12-crescent-town-rd-1-5-massey-sq/unit-Ph19-E4847100
499900,Jul-29-2020,306,225 Sherway Gardens Rd,1.5,2,1,700,632,https://condos.ca/toronto/one-sherway-2-225-sherway-gardens-rd/unit-306-W4848190
499900,Jul-28-2020,3108,28 Ted Rogers Way,1.5,1,1,600,513,https://condos.ca/toronto/couture-28-ted-rogers-way/unit-3108-C4847098
435000,Jul-29-2020,1510,410 Mclevin Ave,2,2,1,900,569,https://condos.ca/toronto/mayfair-on-the-green-2-410-mclevin-ave/unit-1510-E4848235
424888,Jul-28-2020,38,2315 Sheppard Ave W,1,1,0,500,189,https://condos.ca/toronto/the-brownstones-at-westown-60-100-parrotta-dr-2315-2355-sheppard-ave-w/unit-38-W4847221
475000,Jul-29-2020,304,3520 Danforth Ave,1.5,1,1,600,425,https://condos.ca/toronto/terraces-on-danforth-3520-danforth-ave/unit-304-E4847901
414900,Jul-27-2020,1506,100 Wingarden Crt,2,2,1,1000,620,https://condos.ca/toronto/100-wingarden-court-condominium-100-wingarden-crt/unit-1506-E4846234
474900,Jul-27-2020,827,3 Greystone Walk Dr,2.5,2,1,900,751,https://condos.ca/toronto/greystone-walk-2-3-greystone-walk-dr/unit-827-E4846124
449900,Jul-29-2020,,,1,1,1,500,473,https://condos.ca/toronto/the-wave-4-elsinore-path/unit-1301-W4848318
467000,Jul-28-2020,611,1 King St W,0,1,0,499,651,https://condos.ca/toronto/one-king-west-hotel-residence-1-king-st-w/unit-611-C4847443
399900,Jul-28-2020,419,11753 Sheppard Ave E,2,2,1,1000,727,https://condos.ca/toronto/platinum-rouge-11753-sheppard-ave-e/unit-419-E4846343
429000,Jul-29-2020,1627,68 Corporate Dr,1,1,1,600,469,https://condos.ca/toronto/the-residences-at-the-consilium-2-68-corporate-dr/unit-1627-E4848945
499900,Jul-28-2020,610,17 Ruddington Dr,1,1,1,600,527,https://condos.ca/toronto/willow-park-at-bayview-17-ruddington-dr/unit-610-C4846542
419900,Jul-28-2020,1002,3380 Eglinton Ave,2,2,1,900,608,https://condos.ca/toronto/3380-eglinton-avenue-east-condos-3380-eglinton-ave-e/unit-1002-E4846475
444900,Jul-28-2020,304,5 Massey Sq,2,1,0,800,659,https://condos.ca/toronto/crescent-town-6-12-crescent-town-rd-1-5-massey-sq/unit-304-E4846590
489888,Jul-28-2020,307,45 Silver Spring Blvd,2.5,2,2,1200,706,https://condos.ca/toronto/woodlands-on-the-park-25-silver-springs-blvd-45-silver-springs-blvd/unit-307-E4846914
429900,Jul-27-2020,431,700 Humberwood Blvd,1,1,1,600,349,https://condos.ca/toronto/mansions-of-humberwood-2-700-humberwood-blvd/unit-431-W4846290
398800,Jul-28-2020,415,320 Dixon Rd,3,2,1,1200,720,https://condos.ca/toronto/320-dixon-road-etobicoke/unit-415-W4846333
499900,Jul-28-2020,614,8 Trent Ave,1.5,1,1,600,371,https://condos.ca/toronto/the-village-by-main-station-8-trent-ave-14-trent-ave/unit-614-E4846995
499000,Jul-28-2020,325,560 King St W,1,1,0,500,541,https://condos.ca/toronto/fashion-house-lofts-560-king-st-w-461-adelaide-st-w/unit-325-C4846664
499000,Jul-28-2020,605,30 Canterbury Pl,1.5,1,1,800,588,https://condos.ca/toronto/dia-condominiums-30-canterbury-pl/unit-605-C4846462
399999,Jul-28-2020,2119,181 Village Green Sq,1,1,1,499,366,https://condos.ca/toronto/ventus-ii-at-metrogate-181-village-green-square/unit-2119-E4846624
475000,Jul-27-2020,1212,15 Vicora Linkway Way,2,1,1,800,675,https://condos.ca/toronto/15-vicora-linkway-15-vicora-linkway/unit-1212-C4845792
444900,Jul-28-2020,625 W,36 Lisgar St,1,1,0,499,344,https://condos.ca/toronto/edge-on-triangle-park-36-lisgar-st/unit-625W-C4846695
389000,Jul-28-2020,905,80 Grandravine Dr,1,1,1,600,529,https://condos.ca/toronto/keele-ravine-condominiums-10-80-grandravine-dr-15-25-derrydown-rd-3690-keele-st/unit-905-W4846494
479900,Jul-27-2020,6102,14 York St,0,1,0,499,245,https://condos.ca/toronto/ice-condos-ice-condos-ii-12-york-st-14-york-st/unit-6102-C4846096
469000,Jul-27-2020,1807,121 Mcmahon Dr,1.5,1,0,500,398,https://condos.ca/toronto/tango-121-mcmahon-dr/unit-1807-C4845794
438900,Jul-27-2020,1907,340 Dixon Rd,3,2,1,1200,692,https://condos.ca/toronto/320-dixon-condos-330-dixon-rd-340-dixon-rd/unit-1907-W4845894
439000,Jul-27-2020,,,3,2,1,1000,800,https://condos.ca/toronto/oaktree-estates-1250-bridletowne-cir/unit-504-E4845670
499900,Jul-27-2020,1102,155 Beecroft Rd,1,1,1,500,384,https://condos.ca/toronto/broadway-ii-residences-155-beecroft-rd/unit-1102-C4845774
389900,Jul-28-2020,# 303,238 Albion Rd,3,2,1,1200,850,https://condos.ca/toronto/238-albion-road-condos-238-albion-rd/unit-303-W4847843
479000,Jul-28-2020,212,320 Richmond St E,1,1,0,500,334,https://condos.ca/toronto/the-modern-320-richmond-st-e/unit-212-C4847338
478000,Jul-29-2020,118,8 Mondeo Dr,1,1,1,600,480,https://condos.ca/toronto/mondeo-springs-8-mondeo-dr/unit-118-E4848121
449000,Jul-28-2020,1108,18 Lee Centre Dr,1.5,1,1,600,557,https://condos.ca/toronto/hillsborough-court-18-lee-centre-dr/unit-1108-E4846581
439000,Jul-27-2020,908,5 Massey Sq,2,1,1,900,761,https://condos.ca/toronto/crescent-town-6-12-crescent-town-rd-1-5-massey-sq/unit-908-E4845900
449900,Jul-27-2020,1903,710 Humberwood Blvd,1.5,1,1,600,436,https://condos.ca/toronto/mansions-of-humberwood-710-humberwood-blvd/unit-1903-W4845678
399900,Jul-27-2020,1810,2645 Kipling Ave,2,2,2,900,437,https://condos.ca/toronto/2645-kipling-avenue-condos-2645-kipling-ave/unit-1810-W4846206
388000,Jul-27-2020,712,45 Silver Springs Blvd,1.5,1,1,900,539,https://condos.ca/toronto/woodlands-on-the-park-25-silver-springs-blvd-45-silver-springs-blvd/unit-712-E4845481
489000,Jul-27-2020,604,260 Sackville St,1,1,0,500,346,https://condos.ca/toronto/one-park-west-260-sackville-st/unit-604-C4845505
500000,Jul-27-2020,1409,435 Richmond St W,0,1,0,499,220,https://condos.ca/toronto/fabrik-condos-435-richmond-st-w/unit-1409-C4845444
499000,Jul-27-2020,1607,65 Bremner Blvd,1,1,0,499,417,https://condos.ca/toronto/maple-leaf-square-55-bremner-blvd-65-bremner-blvd/unit-1607-C4845559
499000,Jul-29-2020,PH01,68 Canterbury Pl,1.5,1,1,500,419,https://condos.ca/toronto/celsius-26-churchill-ave-27-39-horsham-ave-68-78-canterbury-pl-351-369-beecroft-rd/unit-Ph01-C4848328
499900,Jul-27-2020,711,170 Bayview Ave,1,1,0,499,277,https://condos.ca/toronto/river-city-phase-3-170-bayview-ave/unit-711-C4845634
384900,Jul-26-2020,315,100 Wingarden Crt,2,2,1,900,514,https://condos.ca/toronto/100-wingarden-court-condominium-100-wingarden-crt/unit-315-E4845401
499000,Jul-26-2020,2106,10 Muirhead Rd,2.5,2,1,1000,965,https://condos.ca/toronto/crossroads-10-muirhead-rd/unit-2106-C4845338
458888,Jul-26-2020,1120,88 Corporate Dr,1,1,1,800,514,https://condos.ca/toronto/the-residences-at-the-consilium-l-88-corporate-dr/unit-1120-E4845048
410888,Jul-26-2020,3307,50 Town Centre Crt,0,1,0,499,174,https://condos.ca/toronto/encore-at-equinox-50-town-centre-court/unit-3307-E4845053
489900,Jul-26-2020,701,15 James Finlay Way,1.5,2,1,700,617,https://condos.ca/toronto/ion-condos-15-james-finlay-way/unit-701-W4845358
459900,Jul-25-2020,904,185 Roehampton Ave,0,1,0,499,305,https://condos.ca/toronto/155-redpath-155-redpath-ave-185-roehampton-ave/unit-904-C4844874
329900,Jul-28-2020,,,2,1,1,700,534,https://condos.ca/toronto/50-lotherton-1-121-lotherton-pathway/unit-409-W4846759
329900,Jul-28-2020,,,2,1,1,700,609,https://condos.ca/toronto/50-lotherton-1-121-lotherton-pathway/unit-1111-W4846758
499000,Jul-26-2020,508,7 Carlton St E,1.5,1,0,600,558,https://condos.ca/toronto/the-ellington-7-carlton-st/unit-508-C4845005
450000,Jul-25-2020,312,890 Sheppard Ave W,1,1,1,600,448,https://condos.ca/toronto/plaza-suites-890-sheppard-ave-w/unit-312-C4844670
455000,Jul-26-2020,7I,8 Rosebank Dr,1.5,1,1,600,462,https://condos.ca/toronto/markham-place-8-rosebank-dr/unit-7I-E4845206
329000,Jul-26-2020,307,30 Gloucester St,0,1,1,499,590,https://condos.ca/toronto/gloucester-gate-30-gloucester-st/unit-307-C4845057
419000,Jul-25-2020,809,3 Hickory Tree Rd,1.5,1,1,700,613,https://condos.ca/toronto/river-ridge-1-hickory-tree-rd-3-hickory-tree-rd/unit-809-W4844743
435000,Jul-26-2020,LPH H,8 Rosebank Dr,1.5,1,1,700,498,https://condos.ca/toronto/markham-place-8-rosebank-dr/unit-LphH-E4845193
499000,Jul-24-2020,821,1060 Sheppard Ave W,1.5,1,1,600,405,https://condos.ca/toronto/metropolis-parkside-at-metroplace-1060-sheppard-ave-w-1-de-boers-dr/unit-821-W4843310
495000,Jul-25-2020,315,11 Thorncliffe Park Dr,2,2,2,900,813,https://condos.ca/toronto/leaside-park-11-thorncliffe-park-dr/unit-315-C4844085
499000,Jul-25-2020,178,252 John Garland Blvd,3.5,3,1,1200,586,https://condos.ca/toronto/252-john-garland-townhouses-242-262-john-garland-blvd/unit-178-W4844983
499000,Jul-25-2020,619,39 Kimbercroft Crt,3,2,1,1200,690,https://condos.ca/toronto/39-kimbercroft-court-39-kimbercroft-crt/unit-619-E4844373
499800,Jul-25-2020,1121,135 Village Green Sq,1.5,1,1,600,375,https://condos.ca/toronto/solaris-2-135-village-green-square/unit-1121-E4844387
449900,Jul-24-2020,311,3077 Weston Rd,2,2,1,800,640,https://condos.ca/toronto/riverside-court-3077-weston-rd/unit-311-W4843520
419000,Jul-24-2020,PH11,10 Sunny Glen Way,2,1,1,800,596,https://condos.ca/toronto/10-sunny-glenway-north-york/unit-Ph11-C4843655
499000,Jul-24-2020,3401,12 York St,1,1,0,500,384,https://condos.ca/toronto/ice-condos-ice-condos-ii-12-york-st-14-york-st/unit-3401-C4843237
399000,Jul-25-2020,617,101 Peter St,0,1,0,499,204,https://condos.ca/toronto/peter-street-condos-101-peter-st/unit-617-C4844170
479000,Jul-24-2020,1913,195 Bonis Ave,1.5,1,1,600,397,https://condos.ca/toronto/joy-condos-195-bonis-ave/unit-1913-E4843927
489000,Jul-24-2020,412,3520 Danforth Ave,1.5,1,1,600,428,https://condos.ca/toronto/terraces-on-danforth-3520-danforth-ave/unit-412-E4843416
499999,Jul-24-2020,521,151 Dan Leckie Way,1.5,1,0,600,413,https://condos.ca/toronto/parade-2-cityplace-151-dan-leckie-way-21-iceboat-terr/unit-521-C4843700
350000,Jul-24-2020,106,148 Soudan Ave,0,1,1,499,570,https://condos.ca/toronto/148-soudan-avenue-toronto/unit-106-C4843822
399000,Jul-24-2020,106,20 Thomas Riley Rd,1,1,0,600,402,https://condos.ca/toronto/the-kip-district-20-thomas-riley-rd/unit-106-W4843735
354900,Jul-24-2020,2010,236 Albion Rd,3,2,1,1000,883,https://condos.ca/toronto/236-albion-road-condos-236-albion-rd/unit-2010-W4843709
419900,Jul-28-2020,35,200 Mclevin Ave,2,1,1,900,329,https://condos.ca/toronto/woodside-terrace-200-mclevin-ave/unit-35-E4847686
275000,Jul-25-2020,122,4765 Jane St,4.0,2,1,1200,956,https://condos.ca/toronto/4745-jane-street-condos-4645-4771-jane-st/unit-122-W4844347
389000,Jul-24-2020,1213,1950 Kennedy Rd,3,1,1,1000,631,https://condos.ca/toronto/dorset-towers-1950-kennedy-rd/unit-1213-E4843868
459900,Jul-25-2020,1002,350 Seneca Hill Dr,2,1,1,900,655,https://condos.ca/toronto/260-350-seneca-hill-drive-condos-260-350-seneca-hill-dr-177-linus-rd/unit-1002-C4844047
458000,Jul-24-2020,3101,28 Wellesley St E,0,1,0,499,240,https://condos.ca/toronto/vox-condos-28-wellesley-st-e/unit-3101-C4843129
499999,Jul-25-2020,413,150 Sudbury St,1,1,1,600,376,https://condos.ca/toronto/westside-gallery-lofts-150-sudbury-st/unit-413-C4844148
449900,Jul-25-2020,587,1 Greystone Walk Dr,2.5,2,1,1000,667,https://condos.ca/toronto/1-greystone-walk-1-greystone-walk-dr/unit-587-E4844543
414900,Jul-24-2020,807,231 Fort York Blvd,0,1,0,499,264,https://condos.ca/toronto/atlantis-at-waterpark-city-231-fort-york-blvd/unit-807-C4843882
399000,Jul-24-2020,1419,3 Greystone Walk Dr,1.5,1,1,800,601,https://condos.ca/toronto/greystone-walk-2-3-greystone-walk-dr/unit-1419-E4843181
300000,Jul-24-2020,310,4064 Lawrence Ave E,3,2,2,1000,1105,https://condos.ca/toronto/lawrence-avenue-condos-4060-4064-lawrence-ave-e/unit-310-E4842998
449900,Jul-24-2020,407,90 Ling Rd,3,2,1,1000,753,https://condos.ca/toronto/morningside-estates-90-ling-rd/unit-407-E4842906
419900,Jul-23-2020,1601,1350 York Mills Rd,2,1,1,800,648,https://condos.ca/toronto/1350-york-mills-1350-york-mills-rd-1360-york-mills-rd/unit-1601-C4841762
499000,Jul-24-2020,507,5800 Sheppard Ave E,2.5,3,1,1200,1124,https://condos.ca/toronto/regency-court-5780-5800-sheppard-ave-e/unit-507-E4842889
479888,Jul-24-2020,303,1 Rowntree Rd,2.5,2,1,1200,763,https://condos.ca/toronto/platinum-on-the-humber-3-1-rowntree-rd/unit-303-W4842423
499000,Jul-23-2020,315,2 Clairtrell Rd,1,1,1,500,490,https://condos.ca/toronto/bayview-mansions-2-clairtrell-rd/unit-315-C4841519
325000,Jul-25-2020,E-55,7 Brimley Rd S,1,1,1,499,750,https://condos.ca/toronto/7-brimley-road-south-scarborough/unit-E-55-E4844731
449800,Jul-23-2020,512,100 Prudential Dr,3,2,1,1000,773,https://condos.ca/toronto/100-prudential-drive-condos-100-prudential-dr/unit-512-E4842230
445000,Jul-23-2020,19,1646 Bathurst St,1,1,1,600,666,https://condos.ca/toronto/1646-bathurst-street-york
499900,Jul-23-2020,2210,318 Richmond St W,0,1,0,499,303,https://condos.ca/toronto/picasso-on-richmond-318-richmond-st-w/unit-2210-C4841930
380000,Jul-23-2020,1503,390 Dixon Rd,2,1,1,1000,646,https://condos.ca/toronto/370-dixon-condos-370-390-dixon-rd/unit-1503-W4841961
499000,Jul-24-2020,708,103 The Queensway Ave,1,1,1,600,512,https://condos.ca/toronto/nxt-103-the-queensway/unit-708-W4843147
317000,Jul-23-2020,,,2,1,1,700,540,https://condos.ca/toronto/50-lotherton-1-121-lotherton-pathway/unit-904-W4841756
465000,Jul-23-2020,PH04,5 Massey Sq,2,1,0,900,659,https://condos.ca/toronto/crescent-town-6-12-crescent-town-rd-1-5-massey-sq/unit-Ph04-E4842316
430000,Jul-24-2020,2K,8 Rosebank Dr,1,1,1,500,374,https://condos.ca/toronto/markham-place-8-rosebank-dr/unit-2K-E4843099
499900,Jul-23-2020,3907,1 Palace Pier Crt,1,1,1,800,795,https://condos.ca/toronto/palace-place-1-palace-pier-crt/unit-3907-W4841689
489000,Jul-23-2020,2508,151 Dan Leckie Way,1,1,0,500,361,https://condos.ca/toronto/parade-2-cityplace-151-dan-leckie-way-21-iceboat-terr/unit-2508-C4841551
485000,Jul-23-2020,1317,160 Flemington Rd,1,1,1,499,375,https://condos.ca/toronto/the-yorkdale-1-leila-ln-152-160-flemington-rd/unit-1317-W4842210
499990,Jul-24-2020,3505,955 Bay St,1.5,1,0,500,378,https://condos.ca/toronto/the-britt-condos-955-bay-st/unit-3505-C4842993
348800,Jul-24-2020,802,340 Dixon Rd,2,1,1,1000,564,https://condos.ca/toronto/320-dixon-condos-330-dixon-rd-340-dixon-rd/unit-802-W4843005
499900,Jul-24-2020,313,5235 Finch Ave E,2.5,2,2,800,449,https://condos.ca/toronto/woodside-pointe-5225-finch-ave-e-5235-finch-ave-e/unit-313-E4842904
325000,Jul-22-2020,907,2550 Pharmacy Ave,1,1,1,700,736,https://condos.ca/toronto/corinthian-towers-2550-pharmacy-ave/unit-907-E4840697
499000,Jul-23-2020,2107,281 Mutual St,1,1,0,499,358,https://condos.ca/toronto/radio-city-281-mutual-st-285-mutual-st/unit-2107-C4841152
478000,Jul-24-2020,,,2.5,2,1,1000,739,https://condos.ca/toronto/the-ambassadors-3-350-alton-towers-cir/unit-604-E4842691
494800,Jul-24-2020,706,1328 Birchmount Rd,1.5,1,1,600,498,https://condos.ca/toronto/2150-condos-1328-birchmount-rd/unit-706-E4842464
488000,Jul-23-2020,100,21 Livonia Pl,3,3,2,1200,785,https://condos.ca/toronto/11-livonia-condos-11-livonia-pl-21-livonia-pl/unit-100-E4840917
415900,Jul-23-2020,118,256 John Garland Blvd,4.5,2,1,1200,585,https://condos.ca/toronto/252-john-garland-townhouses-242-262-john-garland-blvd/unit-118-W4840893
349000,Jul-24-2020,1702,235 Grandravine Dr,2,1,1,900,529,https://condos.ca/toronto/235-grandravine-drive-north-york/unit-1702-W4842453
399800,Jul-23-2020,410,346 The West Mall,1.5,1,1,900,357,https://condos.ca/toronto/346-the-west-mall-etobicoke/unit-410-W4841358
448800,Jul-22-2020,,,2,2,1,900,726,https://condos.ca/toronto/wedgewood-grove-30-thunder-grove/unit-206-E4840627
399900,Jul-22-2020,330,123 Woodbine Ave,0,1,1,499,280,https://condos.ca/toronto/123-woodbine-avenue-condos-123-woodbine-ave/unit-330-E4840009
375000,Jul-22-2020,405,400 Mclevin Ave,1,1,1,700,489,https://condos.ca/toronto/mayfair-on-the-green-1-400-mclevin-ave/unit-405-E4840184
499900,Jul-22-2020,235,231 Fort York Blvd,1,1,0,499,325,https://condos.ca/toronto/atlantis-at-waterpark-city-231-fort-york-blvd/unit-235-C4840061
459999,Jul-24-2020,1205,41 Markbrook Lane,2,2,1,1000,491,https://condos.ca/toronto/cascades-2-41-markbrook-ln/unit-1205-W4843036
495000,Jul-22-2020,1606,105 The Queensway,1,1,1,499,401,https://condos.ca/toronto/nxt-2-105-the-queensway/unit-1606-W4840260
400000,Jul-22-2020,216,800 Lawrence Ave W,0,1,0,499,228,https://condos.ca/toronto/treviso-36-via-bagnato-800-lawrence-ave-w/unit-216-W4840101
418900,Jul-22-2020,1403,238 Albion Rd,3,2,1,1000,837,https://condos.ca/toronto/238-albion-road-condos-238-albion-rd/unit-1403-W4840638
499000,Jul-24-2020,,,2.5,2,1,1000,854,https://condos.ca/toronto/the-ambassadors-2-330-alton-towers-cir/unit-1203-E4842671
459000,Jul-22-2020,406,25 Four Winds Dr,2,1,1,900,630,https://condos.ca/toronto/four-winds-condos-21-37-four-winds-dr/unit-406-W4840338
499000,Jul-23-2020,15,29 Island Rd,4,2,1,1000,214,https://condos.ca/toronto/beach-house-towns-11-35-island-rd/unit-15-E4841261
475000,Jul-22-2020,1009,1 King St,0,1,0,499,662,https://condos.ca/toronto/1-king-street-york/unit-1009-C4839759
439000,Jul-22-2020,222,700 Humberwood Blvd,1,1,1,600,382,https://condos.ca/toronto/mansions-of-humberwood-2-700-humberwood-blvd/unit-222-W4839698
465000,Jul-21-2020,706,840 Queens Plate Dr,1.5,2,1,700,513,https://condos.ca/toronto/the-lexington-condominium-residences-by-the-park-840-queens-plate-dr/unit-706-W4839005
450000,Jul-22-2020,723,1 King St,0,1,0,499,606,https://condos.ca/toronto/1-king-street-york/unit-723-C4839704
410000,Jul-21-2020,1811,236 Albion Rd,3,2,1,1200,976,https://condos.ca/toronto/236-albion-road-condos-236-albion-rd/unit-1811-W4838339
440000,Jul-22-2020,966,123 Omni Dr,2.5,1,1,700,836,https://condos.ca/toronto/forest-mansion-2-121-omni-dr-123-omni-dr/unit-966-E4839631
459900,Jul-22-2020,#1603,40 Panorama Crt,3,2,1,1200,688,https://condos.ca/toronto/40-panorama-court-condos-40-panorama-crt/unit-1603-W4839597
438000,Jul-22-2020,942C,15 Iceboat Terr,0,1,0,499,270,https://condos.ca/toronto/parade-cityplace-15-iceboat-terr-10-capreol-crt/unit-942C-C4839256
462500,Jul-22-2020,406,840 Queen's Plate Dr,1.5,1,0,700,431,https://condos.ca/toronto/the-lexington-condominium-residences-by-the-park-840-queens-plate-dr/unit-406-W4839424
459900,Jul-22-2020,1911,5 Massey Sq,2,1,0,900,761,https://condos.ca/toronto/crescent-town-6-12-crescent-town-rd-1-5-massey-sq/unit-1911-E4840593
469000,Jul-22-2020,606,70 Town Centre Crt,1.5,1,1,600,463,https://condos.ca/toronto/eq1-70-town-centre-court/unit-606-E4839545
425000,Jul-22-2020,1212,2 Glamorgan Ave,1,1,1,700,559,https://condos.ca/toronto/the-copenhagen-2-glamorgan-ave/unit-1212-E4839232
389900,Jul-21-2020,,,3,1,1,900,728,https://condos.ca/toronto/50-lotherton-1-121-lotherton-pathway/unit-1107-W4839064
484900,Jul-21-2020,1505,1328 Birchmount Rd,1.5,1,1,500,432,https://condos.ca/toronto/2150-condos-1328-birchmount-rd/unit-1505-E4838569
439000,Jul-21-2020,644,830 Lawrence Ave W,1,1,1,499,357,https://condos.ca/toronto/treviso-2-830-lawrence-ave-w/unit-644-W4838406
489999,Jul-21-2020,425,560 King St W,1,1,0,500,426,https://condos.ca/toronto/fashion-house-lofts-560-king-st-w-461-adelaide-st-w/unit-425-C4839164
499900,Jul-21-2020,1003,5 Rowntree Rd,2,2,1,1200,732,https://condos.ca/toronto/platinum-on-the-humber-5-rowntree-rd/unit-1003-W4838288
459900,Jul-22-2020,#1811,40 Panorama Crt,3,2,1,1000,671,https://condos.ca/toronto/40-panorama-court-condos-40-panorama-crt/unit-1811-W4839758
419000,Jul-23-2020,310,346 The West Mall,1.5,1,0,700,357,https://condos.ca/toronto/346-the-west-mall-etobicoke
499900,Jul-22-2020,319,22 Leader Lane,1,1,0,499,532,https://condos.ca/toronto/king-edward-private-residences-37-king-st-e-22-leader-ln/unit-319-C4840002
399000,Jul-22-2020,605E,36 Lisgar St,1,1,1,499,389,https://condos.ca/toronto/edge-on-triangle-park-36-lisgar-st/unit-605E-C4839814
412000,Jul-24-2020,308,3380 Eglinton Ave,2,2,1,1000,620,https://condos.ca/toronto/3380-eglinton-avenue-east-condos-3380-eglinton-ave-e/unit-308-E4842771
425000,Jul-22-2020,214,2 Glamorgan Ave,2,1,1,900,634,https://condos.ca/toronto/the-copenhagen-2-glamorgan-ave/unit-214-E4839722
449000,Jul-22-2020,# 7H,6 Rosebank Dr,1.5,1,1,700,502,https://condos.ca/toronto/markham-place-2-6-rosebank-dr/unit-7H-E4839827
388000,Jul-21-2020,1109,151 Village Green Sq,1.5,1,1,600,423,https://condos.ca/toronto/151-village-green-sq-toronto/unit-1109-E4838332
399900,Jul-21-2020,324,1 Leaside Park Dr,1,1,1,700,571,https://condos.ca/toronto/leaside-park-terrace-1-leaside-park-dr/unit-324-C4838306
410000,Jul-23-2020,#302,1703 Mccowan Rd,3,2,1,1200,650,https://condos.ca/toronto/1701-1703-1705-mccowan-condos-1701-1705-mccowan-rd/unit-302-E4841320
489000,Jul-22-2020,1705,7 Mabelle Ave,1,1,0,499,289,https://condos.ca/toronto/7-mabelle-avenue-etobicoke/unit-1705-W4839509
399900,Jul-21-2020,201,25 Strangford Lane,1,1,1,600,509,https://condos.ca/toronto/25-strangford-lane-scarborough
489990,Jul-21-2020,2004,1328 Birchmount Rd,1.5,1,1,600,498,https://condos.ca/toronto/2150-condos-1328-birchmount-rd/unit-2004-E4838075
399000,Jul-21-2020,214,100 Wingarden Crt,2,2,1,1000,619,https://condos.ca/toronto/100-wingarden-court-condominium-100-wingarden-crt/unit-214-E4838054
479000,Jul-22-2020,2212,7 Bishop Ave,1,1,1,500,475,https://condos.ca/toronto/vogue-condominiums-7-bishop-ave/unit-2212-C4839369
477000,Jul-21-2020,1806,5791 Yonge St,1,1,0,500,441,https://condos.ca/toronto/luxe-5791-yonge-st/unit-1806-C4837783
475000,Jul-21-2020,39,78 Carr St,0,1,0,499,203,https://condos.ca/toronto/78-carr-street-toronto/unit-39-C4837758
369900,Jul-20-2020,,,2,1,1,600,570,https://condos.ca/toronto/50-lotherton-1-121-lotherton-pathway/unit-804-W4837478
500000,Jul-20-2020,413,5 St Joseph St,1,1,0,600,398,https://condos.ca/toronto/five-condos-5-st-joseph-st/unit-413-C4836797
379000,Jul-20-2020,510,15 London Green Crt,3,2,1,1000,831,https://condos.ca/toronto/15-london-green-court-condos-15-london-green-crt/unit-510-W4837457
500000,Jul-20-2020,706,5 Parkway Forest Dr,2,1,1,800,681,https://condos.ca/toronto/york-gardens-2-165-village-greenway-5-parkway-forest-dr/unit-706-C4836829
399999,Jul-21-2020,313,19 Avondale Ave,0,1,1,499,412,https://condos.ca/toronto/residences-of-avondale-4665-yonge-st-1-19-avondale-ave/unit-313-C4837835
495900,Jul-21-2020,1404,625 The West Mall St,3.5,2,1,1600,944,https://condos.ca/toronto/summit-royal-625-the-west-mall-627-the-west-mall/unit-1404-W4837729
499900,Jul-20-2020,1012,88 Scott St,0,1,0,499,229,https://condos.ca/toronto/88-scott-88-scott-st/unit-1012-C4837213
449990,Jul-20-2020,19,60 Winston Park Blvd,1,1,1,500,267,https://condos.ca/toronto/yorkdale-village-townhomes-867-869-wilson-ave-60-winston-park-blvd/unit-19-W4837123
499990,Jul-20-2020,503,45 Charles St E,0,1,0,499,230,https://condos.ca/toronto/chaz-yorkville-45-charles-st-e/unit-503-C4837085
429000,Jul-20-2020,601,3233 Eglinton Ave E,2.5,2,1,1000,890,https://condos.ca/toronto/guildwood-terrace-3231-eglinton-ave-e-3233-eglinton-ave-e/unit-601-E4837184
499999,Jul-21-2020,,,1.5,1,1,500,666,https://condos.ca/toronto/red-hot-condos-120-dallimore-cir/c4838307
449900,Jul-20-2020,1908,10 Markbrook Lane,2,2,1,1000,720,https://condos.ca/toronto/consulate-1-10-markbrook-ln/unit-1908-W4837434
469900,Jul-21-2020,701,28 Wellesley St E,0,1,0,499,224,https://condos.ca/toronto/vox-condos-28-wellesley-st-e/unit-701-C4838275
485000,Jul-20-2020,1501,5 Michael Power Pl,1,1,1,500,496,https://condos.ca/toronto/port-royal-place-6-5-michael-power-pl/unit-1501-W4837561
459999,Jul-20-2020,730,600 Fleet St W,0,1,0,499,233,https://condos.ca/toronto/malibu-condos-at-harbourfront-600-fleet-st/unit-730-C4837388
488888,Jul-21-2020,303,4968 Yonge St,1,1,1,500,458,https://condos.ca/toronto/ultima-at-broadway-4968-yonge-st/unit-303-C4837782
439900,Jul-21-2020,506,61 Heintzman St,1,1,0,499,220,https://condos.ca/toronto/the-heintzman-place-60-heintzman-st-61-heintzman-st/unit-506-W4838089
489880,Jul-21-2020,2309,9 Valhalla Inn Rd,1,1,1,500,376,https://condos.ca/toronto/triumph-at-valhalla-9-valhalla-inn-rd/unit-2309-W4837885
449900,Jul-21-2020,19,37 Four Winds Dr,2,2,1,800,308,https://condos.ca/toronto/four-winds-condos-21-37-four-winds-dr/unit-19-W4837745
499000,Jul-22-2020,603,4725 Sheppard Ave E,2.5,2,2,1200,649,https://condos.ca/toronto/4725-sheppard-4725-sheppard-ave-e/unit-603-E4839502
499000,Jul-21-2020,2506,18 Harrison Garden Blvd,1,1,1,500,428,https://condos.ca/toronto/the-residence-of-avondale-16-harrison-garden-blvd-18-harrison-garden-blvd/unit-2506-C4838159
469999,Jul-21-2020,808,21 Markbrook Lane,2,2,1,1000,582,https://condos.ca/toronto/consulate-ii-properties-21-markbrook-ln/unit-808-W4837857
374900,Jul-19-2020,415,940 Caledonia Rd,3,1,1,900,747,https://condos.ca/toronto/940-caledonia-road-north-york/unit-415-W4836525
499000,Jul-19-2020,210,555 Wilson Heights Blvd,2,2,1,900,598,https://condos.ca/toronto/terrace-heights-2-555-wilson-heights-blvd/unit-210-C4836497
499990,Jul-20-2020,511,1603 Eglinton Ave W,1,1,0,500,351,https://condos.ca/toronto/empire-midtown-1603-eglinton-ave-w/unit-511-C4836606
399000,Jul-19-2020,1709,100 Wingarden Crt,2,2,1,1000,619,https://condos.ca/toronto/100-wingarden-court-condominium-100-wingarden-crt/unit-1709-E4836256
398000,Jul-18-2020,505,480 Mclevin Ave E,1,1,1,600,387,https://condos.ca/toronto/mayfair-on-the-green-4-480-mclevin-ave/unit-505-E4835712
375000,Jul-17-2020,22,7 Brimley Rd S,1,1,1,500,765,https://condos.ca/toronto/7-brimley-road-south-scarborough
424995,Jul-18-2020,,,1.5,2,1,800,522,https://condos.ca/toronto/1200-bridletowne-circle-condos-1200-bridletowne-cir/unit-401-E4836161
449000,Jul-17-2020,118,2351 Kennedy Rd,2,1,1,900,721,https://condos.ca/toronto/bauhinia-court-on-kennedy-2351-kennedy-rd/unit-118-E4834967
476000,Jul-18-2020,,,2.5,2,1,1000,841,https://condos.ca/toronto/the-ambassadors-2-330-alton-towers-cir/unit-1510-E4836139
499000,Jul-18-2020,615,4968 Yonge St,1,1,1,500,413,https://condos.ca/toronto/ultima-at-broadway-4968-yonge-st/unit-615-C4835128
349900,Jul-17-2020,,,2,1,1,700,576,https://condos.ca/toronto/50-lotherton-1-121-lotherton-pathway/unit-1110-W4834247
449900,Jul-18-2020,3008,255 Village Green Sq,1,1,1,499,336,https://condos.ca/toronto/avani-at-metrogate-255-village-green-square/unit-3008-E4835262
488888,Jul-18-2020,2711,4968 Yonge St,1,1,1,500,434,https://condos.ca/toronto/ultima-at-broadway-4968-yonge-st/unit-2711-C4835280
479888,Jul-18-2020,1205,5 Valhalla Inn Rd,1.5,1,1,600,426,https://condos.ca/toronto/thunderbird-at-one-valhalla-5-valhalla-inn-rd/unit-1205-W4835186
445000,Jul-17-2020,511,180 Markham Rd,3,2,1,1200,800,https://condos.ca/toronto/180-markham-condos-180-markham-rd/unit-511-E4834807
424900,Jul-18-2020,814,100 Dundalk Dr,2.5,2,1,900,564,https://condos.ca/toronto/kennedy-place-100-dundalk-dr/unit-814-E4835519
489900,Jul-18-2020,,,2.5,1,1,900,635,https://condos.ca/toronto/wynford-condominiums-20-edgecliff-golfway/unit-511-C4835234
389900,Jul-18-2020,206,19 Avondale Ave,0,1,0,500,395,https://condos.ca/toronto/residences-of-avondale-4665-yonge-st-1-19-avondale-ave/unit-206-C4835125
476000,Jul-17-2020,#43,87 Driftwood Ave,4,2,1,1400,404,https://condos.ca/toronto/73-driftwood-avenue-townhouses-71-87-driftwood-ave-12-20-london-green-crt/unit-43-W4834150
499999,Jul-17-2020,601,2995 Keele St Dr,1,1,0,500,336,https://condos.ca/toronto/saturday-in-downsview-park-2995-keele-st-50-george-butchart-dr/unit-601-W4833917
499900,Jul-17-2020,107,330 Mccowan Rd,2.5,2,1,1000,738,https://condos.ca/toronto/sterling-club-2-330-mccowan-rd/unit-107-E4833664
399900,Jul-17-2020,314,11753 Sheppard Ave E,1.5,1,1,900,603,https://condos.ca/toronto/platinum-rouge-11753-sheppard-ave-e/unit-314-E4833453
479000,Jul-17-2020,2112,460 Adelaide St E,0,1,0,499,270,https://condos.ca/toronto/axiom-condos-460-adelaide-st-e/unit-2112-C4833875
498800,Jul-21-2020,1208,15 La Rose Ave,2,2,1,1000,932,https://condos.ca/toronto/humber-hill-towers-15-la-rose-ave/unit-1208-W4838746
399000,Jul-17-2020,1201,10 Tobermory Dr,2,1,1,900,656,https://condos.ca/toronto/bristol-house-10-tobermory-dr/unit-1201-W4834715
499900,Jul-16-2020,,,2,1,1,700,628,https://condos.ca/toronto/the-wave-4-elsinore-path/unit-403-W4833232
399999,Jul-16-2020,411,45 Silver Springs Blvd,1.5,1,1,900,539,https://condos.ca/toronto/woodlands-on-the-park-25-silver-springs-blvd-45-silver-springs-blvd/unit-411-E4833207
399900,Jul-17-2020,1507,320 Dixon Rd,3,2,1,1200,692,https://condos.ca/toronto/320-dixon-road-etobicoke/unit-1507-W4833783
499000,Jul-16-2020,906,80 Esther Lorrie Dr,2,2,1,800,686,https://condos.ca/toronto/cloud-9-80-esther-lorrie-dr/unit-906-W4832825
489000,Jul-16-2020,609,45 Charles St E,0,1,0,499,248,https://condos.ca/toronto/chaz-yorkville-45-charles-st-e/unit-609-C4832560
485000,Jul-17-2020,3903,290 Adelaide St W,0,1,0,499,199,https://condos.ca/toronto/the-bond-condos-290-adelaide-st-w/unit-3903-C4833825
499000,Jul-16-2020,3902,101 Peter St,0,1,0,499,222,https://condos.ca/toronto/peter-street-condos-101-peter-st/unit-3902-C4833350
349000,Jul-17-2020,906,370 Dixon Rd,2,1,1,900,650,https://condos.ca/toronto/370-dixon-condos-370-390-dixon-rd/unit-906-W4834052
414000,Jul-17-2020,1206,3311 Kingston Rd,2,1,1,800,659,https://condos.ca/toronto/kingston-heights-3311-kingston-rd/unit-1206-E4834051
404900,Jul-16-2020,193,262 John Garland Blvd,3.5,2,1,1200,535,https://condos.ca/toronto/252-john-garland-townhouses-242-262-john-garland-blvd/unit-193-W4833208
435888,Jul-17-2020,401,1 Massey Sq,2,1,0,900,769,https://condos.ca/toronto/crescent-town-6-12-crescent-town-rd-1-5-massey-sq/unit-401-E4834010
,,,,,,,,,
499900,Jul-17-2020,313,225 Wellesley St E,1,1,1,500,474,https://condos.ca/toronto/the-star-of-downtown-225-wellesley-st-e/unit-313-C4833513
489888,Jul-16-2020,204,335 Mill Rd,2,2,1,1000,895,https://condos.ca/toronto/valencia-towers-335-mill-rd/unit-204-W4832322
439900,Jul-15-2020,1207,234 Albion Rd,2,1,1,800,739,https://condos.ca/toronto/twin-towers-234-albion-rd/unit-1207-W4831682
479900,Jul-16-2020,2011,225 Sackville St,0,1,0,499,307,https://condos.ca/toronto/paintbox-225-sackville-st/unit-2011-C4832159
473000,Jul-15-2020,317,775 King St W,0,1,0,499,164,https://condos.ca/toronto/minto-775-775-king-st-w-78-tecumseth-st/unit-317-C4831739
456900,Jul-16-2020,1510,236 Albion Rd,3,2,1,1000,883,https://condos.ca/toronto/236-albion-road-condos-236-albion-rd/unit-1510-W4832014
458900,Jul-16-2020,PH10,234 Albion Rd,3,2,1,1000,936,https://condos.ca/toronto/twin-towers-234-albion-rd/unit-Ph10-W4832028
475900,Jul-16-2020,509,39 Kimbercroft Crt,2.5,2,1,1000,599,https://condos.ca/toronto/39-kimbercroft-court-39-kimbercroft-crt/unit-509-E4831881
349900,Jul-15-2020,,,2.5,2,1,900,785,https://condos.ca/toronto/park-vista-silverbell-grove-8-silver-bell-grove/unit-608-E4831420
429000,Jul-15-2020,3208,1 King St W,0,1,0,499,606,https://condos.ca/toronto/one-king-west-hotel-residence-1-king-st-w/unit-3208-C4831239
425000,Jul-15-2020,203,1705 Mccowan Rd,2,1,1,1000,650,https://condos.ca/toronto/1701-1703-1705-mccowan-condos-1701-1705-mccowan-rd/unit-203-E4830809
474900,Jul-16-2020,1912,215 Queen St W,0,1,0,499,199,https://condos.ca/toronto/smart-house-215-queen-st-w/unit-1912-C4832396
488000,Jul-16-2020,3608,85 Queens Wharf Rd,0,1,0,499,268,https://condos.ca/toronto/quartz-spectra-75-queens-wharf-rd-85-queens-wharf-rd/unit-3608-C4832257
484000,Jul-15-2020,229,700 Humberwood Blvd,1.5,1,1,600,406,https://condos.ca/toronto/mansions-of-humberwood-2-700-humberwood-blvd/unit-229-W4831429
419000,Jul-16-2020,1808,40 Panorama Crt,2,1,2,900,700,https://condos.ca/toronto/40-panorama-court-condos-40-panorama-crt/unit-1808-W4831965
485000,Jul-15-2020,1010,33 Charles St E,0,1,0,499,306,https://condos.ca/toronto/casa-condos-33-charles-st-e/unit-1010-C4830154
499900,Jul-15-2020,2011,2550 Lawrence Ave E,2,2,1,900,629,https://condos.ca/toronto/scarborough-fair-2-2550-lawrence-ave-e/unit-2011-E4830301
499000,Jul-14-2020,2703,115 Blue Jays Way,0,1,0,499,,https://condos.ca/toronto/king-blue-355-king-st-w-115-blue-jays-way/unit-2703-C4829593
489900,Jul-15-2020,860,30 Tandridge Cres,3,2,1,1200,600,https://condos.ca/toronto/20-tanridge-crescent-townhouses-20-38-tandridge-crescent/unit-860-W4830685
419000,Jul-15-2020,709,1 Hickory Tree Rd,1.5,1,1,700,613,https://condos.ca/toronto/river-ridge-1-hickory-tree-rd-3-hickory-tree-rd/unit-709-W4830467
374500,Jul-14-2020,1709,370 Dixon Rd,2,1,1,1000,648,https://condos.ca/toronto/370-dixon-condos-370-390-dixon-rd/unit-1709-W4829262
450000,Jul-15-2020,507,3050 Ellesmere Rd,2,2,1,900,763,https://condos.ca/toronto/mapledale-3050-ellesmere-rd/unit-507-E4830717
419000,Jul-15-2020,1401,1461 Lawrence Ave W,1.5,1,0,500,304,https://condos.ca/toronto/1461-lawrence-avenue-west-north-york/unit-1401-W4830426
499000,Jul-15-2020,1405,78 Harrison Garden Blvd,1,1,1,500,400,https://condos.ca/toronto/skymark-at-avondale-78-harrison-garden-blvd/unit-1405-C4830316
468000,Jul-14-2020,2101E,36 Lisgar St,1,1,0,499,323,https://condos.ca/toronto/edge-on-triangle-park-36-lisgar-st/unit-2101E-C4829685
415000,Jul-13-2020,1212,234 Albion Rd,2,1,1,1000,897,https://condos.ca/toronto/twin-towers-234-albion-rd/unit-1212-W4828127
339900,Jul-14-2020,,,3,1,1,800,710,https://condos.ca/toronto/50-lotherton-1-121-lotherton-pathway/unit-1106-W4828510
499900,Jul-14-2020,1509,80 Western Battery Rd,0,1,0,499,277,https://condos.ca/toronto/zip-condos-80-western-battery-rd/unit-1509-C4828436
417000,Jul-13-2020,401,19 Four Winds Dr,2,1,1,900,813,https://condos.ca/toronto/four-winds-drive-3-19-four-winds-dr/unit-401-W4828245
449900,Jul-13-2020,1201,1 Massey Sq,2,1,0,900,763,https://condos.ca/toronto/crescent-town-6-12-crescent-town-rd-1-5-massey-sq/unit-1201-E4827975
499900,Jul-13-2020,517,11 Superior Ave,1,1,1,500,480,https://condos.ca/toronto/eleven-superior-11-superior-ave/unit-517-W4827879
439000,Jul-14-2020,1213,5039 Finch Ave,1.5,1,1,600,456,https://condos.ca/toronto/the-windsor-condos-5039-finch-ave-e/unit-1213-E4828568
495000,Jul-14-2020,809,8 Mercer St,0,1,0,499,246,https://condos.ca/toronto/the-mercer-8-mercer-st/unit-809-C4829118
489900,Jul-13-2020,1511,6 Eva Rd,1.5,1,1,600,449,https://condos.ca/toronto/west-village-i-6-eva-rd/unit-1511-W4828384
495000,Jul-13-2020,#702,60 Byng Ave,1,1,1,500,507,https://condos.ca/toronto/the-monet-60-byng-ave/unit-702-C4828340
499990,Jul-14-2020,1020,2995 Keele St,1,1,0,500,336,https://condos.ca/toronto/saturday-in-downsview-park-2995-keele-st-50-george-butchart-dr/unit-1020-W4828958
429000,Jul-23-2020,405,121 Trudelle St,2,2,1,1000,794,https://condos.ca/toronto/mccowan-place-121-trudelle-st/unit-405-E4828573
399900,Jul-15-2020,1203,100 Wingarden Crt,2,2,1,1000,610,https://condos.ca/toronto/100-wingarden-court-condominium-100-wingarden-crt/unit-1203-E4831252
433888,Jul-11-2020,103,177 Linus Rd,1.5,1,1,700,509,https://condos.ca/toronto/260-350-seneca-hill-drive-condos-260-350-seneca-hill-dr-177-linus-rd/unit-103-C4826910
480000,Jul-12-2020,116,415 Jarvis St,0,1,0,499,294,https://condos.ca/toronto/the-central-415-jarvis-st/unit-116-C4827101
499900,Jul-11-2020,2004,1470 Midland Ave,2,2,1,900,625,https://condos.ca/toronto/scarborough-fair-1470-midland-ave/unit-2004-E4826802
479999,Jul-11-2020,314,3050 Ellesmere Rd,2,2,1,1000,758,https://condos.ca/toronto/mapledale-3050-ellesmere-rd/unit-314-E4826786
499000,Jul-10-2020,702,576 Front St W,1,1,0,499,297,https://condos.ca/toronto/minto-westside-576-front-st-w-27-bathurst-st/unit-702-C4825528
399990,Jul-12-2020,121,684 Warden Ave,1.5,1,1,600,374,https://condos.ca/toronto/st-clair-pointe-684-warden-ave/unit-121-E4827115
449900,Jul-13-2020,1507,2550 Lawrence Ave E,1.5,1,1,700,492,https://condos.ca/toronto/scarborough-fair-2-2550-lawrence-ave-e/unit-1507-E4827822
399900,Jul-11-2020,601,238 Albion Rd,2,1,1,1000,750,https://condos.ca/toronto/238-albion-road-condos-238-albion-rd/unit-601-W4826677
389000,Jul-11-2020,801,2550 Pharmacy Ave,1.5,1,1,800,771,https://condos.ca/toronto/corinthian-towers-2550-pharmacy-ave/unit-801-E4826240
499000,Jul-10-2020,2401,375 King St W,1,1,0,500,310,https://condos.ca/toronto/m5v-375-king-st-w/unit-2401-C4825220
498888,Jul-11-2020,1808,105 The Queensway Ave,1,1,1,499,390,https://condos.ca/toronto/nxt-2-105-the-queensway/unit-1808-W4825968
458000,Jul-11-2020,709,215 Queen St W,0,1,0,499,302,https://condos.ca/toronto/smart-house-215-queen-st-w/unit-709-C4826166
469900,Jul-10-2020,907,90 Ling Rd,3,2,1,1200,730,https://condos.ca/toronto/morningside-estates-90-ling-rd/unit-907-E4824475
,,,,,,,,,
399900,Jul-10-2020,216,41 Markbrook Lane,1.5,2,1,800,338,https://condos.ca/toronto/cascades-2-41-markbrook-ln/unit-216-W4824557
484000,Jul-10-2020,1406,39 Annie Craig Dr,1,1,1,499,242,https://condos.ca/toronto/cove-at-waterways-39-annie-craig-dr/unit-1406-W4824414
449900,Jul-10-2020,1112,301 PRUDENTIAL Drive,3,1,1,1030,840,https://condos.ca/toronto/301-prudential-drive-condos-301-prudential-dr/unit-1112-H4082324
469999,Jul-08-2020,,,1.5,1,1,600,632,https://condos.ca/toronto/equinox-2-50-brian-harrison-way/e4822663
499000,Jul-08-2020,111,3560 St Clair Ave,1,1,1,500,384,https://condos.ca/toronto/imagine-condos-3560-st-clair-ave-e/unit-111-E4822148
464900,Jul-08-2020,2801,38 Lee Centre Dr,2,1,1,600,484,https://condos.ca/toronto/ellipse-east-tower-38-lee-centre-dr/unit-2801-E4821888
379000,Jul-11-2020,512,2550 Pharmacy Ave,2,1,1,900,818,https://condos.ca/toronto/corinthian-towers-2550-pharmacy-ave/unit-512-E4826706
466800,Jul-09-2020,1703,290 Adelaide St W St,0,1,0,499,236,https://condos.ca/toronto/the-bond-condos-290-adelaide-st-w/unit-1703-C4823346
472000,Jul-09-2020,1707,215 Queen St W,0,1,0,499,295,https://condos.ca/toronto/smart-house-215-queen-st-w/unit-1707-C4824100
479000,Jul-09-2020,207,29 Pemberton Ave,1,1,1,600,545,https://condos.ca/toronto/the-plaza-29-pemberton-ave/unit-207-C4822720
399900,Jul-08-2020,204,1703 Mccowan Rd,3,1,1,1000,650,https://condos.ca/toronto/1701-1703-1705-mccowan-condos-1701-1705-mccowan-rd/unit-204-E4821507
425000,Jul-08-2020,213,1328 Birchmount Rd,1.5,1,1,600,475,https://condos.ca/toronto/2150-condos-1328-birchmount-rd/unit-213-E4821623
499000,Jul-08-2020,553,151 Dan Leckie Way,0,1,0,499,307,https://condos.ca/toronto/parade-2-cityplace-151-dan-leckie-way-21-iceboat-terr/unit-553-C4821393
459900,Jul-07-2020,2009,3077 Weston Rd,2,2,1,900,728,https://condos.ca/toronto/riverside-court-3077-weston-rd/unit-2009-W4820143
499000,Jul-08-2020,2304,18 Yonge St,0,1,0,499,221,https://condos.ca/toronto/18-yonge-18-yonge-st/unit-2304-C4820933
474900,Jul-07-2020,1009,5 Valhalla Inn Rd,1,1,1,500,372,https://condos.ca/toronto/thunderbird-at-one-valhalla-5-valhalla-inn-rd/unit-1009-W4819957
489999,Jul-08-2020,421,23 Glebe Rd W,0,1,0,499,314,https://condos.ca/toronto/allure-23-glebe-rd-w/unit-421-C4822653
495000,Jul-08-2020,805,80 Esther Lorrie Dr,2,2,1,800,675,https://condos.ca/toronto/cloud-9-80-esther-lorrie-dr/unit-805-W4820916
479900,Jul-07-2020,1710,1 Scott St,0,1,0,499,215,https://condos.ca/toronto/london-on-the-esplanade-1-scott-st-38-the-esplanade/unit-1710-C4820707
499900,Jul-07-2020,3708,12 York St,0,1,0,499,290,https://condos.ca/toronto/ice-condos-ice-condos-ii-12-york-st-14-york-st/unit-3708-C4820328
459000,Jul-09-2020,110,80 Esther Lorrie Dr,1.5,1,1,600,598,https://condos.ca/toronto/cloud-9-80-esther-lorrie-dr/unit-110-W4822687
489900,Jul-08-2020,,,2.5,2,1,1200,903,https://condos.ca/toronto/the-ambassadors-1-300-alton-towers-cir/unit-402-E4821671
455900,Jul-08-2020,4505,1 King St W,0,1,0,499,651,https://condos.ca/toronto/one-king-west-hotel-residence-1-king-st-w/unit-4505-C4820905
435000,Jul-08-2020,506,3 Massey Sq,2,1,1,1000,797,https://condos.ca/toronto/crescent-town-6-12-crescent-town-rd-1-5-massey-sq/unit-506-E4821451
499000,Jul-08-2020,2107,33 Shore Breeze Dr,1,1,0,500,315,https://condos.ca/toronto/jade-waterfront-condos-33-shore-breeze-drive/unit-2107-W4821298
,,,,,,,,,
395999,Jul-09-2020,909,234 Albion Rd,2,1,1,1000,768,https://condos.ca/toronto/twin-towers-234-albion-rd/unit-909-W4822945
483000,Jul-07-2020,2006,3077 Weston Rd,2,3,1,1200,958,https://condos.ca/toronto/riverside-court-3077-weston-rd/unit-2006-W4820631
499000,Jul-07-2020,2106,33 Shore Breeze Dr,1,1,0,500,315,https://condos.ca/toronto/jade-waterfront-condos-33-shore-breeze-drive/unit-2106-W4819881
484999,Jul-07-2020,1006,400 Mclevin Ave,2,2,2,1000,631,https://condos.ca/toronto/mayfair-on-the-green-1-400-mclevin-ave/unit-1006-E4820772
425000,Jul-07-2020,206,30 Allanhurst Dr N,2,1,1,1000,447,https://condos.ca/toronto/30-allanhurst-drive-etobicoke/unit-206-W4819588
498000,Jul-07-2020,811,72 Esther Shiner Blvd,1,1,1,500,443,https://condos.ca/toronto/tango-2-72-esther-shiner-blvd/unit-811-C4819229
410000,Jul-07-2020,,,1,1,1,700,360,https://condos.ca/toronto/optima-on-the-park-1-150-alton-towers-cir/unit-1207-E4819419
385000,Jul-07-2020,909,2 Glamorgan Ave,1,1,1,700,559,https://condos.ca/toronto/the-copenhagen-2-glamorgan-ave/unit-909-E4819715
445000,Jul-06-2020,1025,1 King St,0,1,0,600,718,https://condos.ca/toronto/1-king-street-york/unit-1025-C4818514
490000,Jul-09-2020,302,56 Annie Craig Dr,1,1,1,499,293,https://condos.ca/toronto/lago-at-the-waterfront-56-annie-craig-dr/unit-302-W4823942
280000,Jul-07-2020,110,4060 Lawrence Ave E,3,2,1,1200,1174,https://condos.ca/toronto/lawrence-avenue-condos-4060-4064-lawrence-ave-e/unit-110-E4819842
479000,Jul-07-2020,,,1,1,1,600,598,https://condos.ca/toronto/21-hillcrest-21-hillcrest-ave/c4819557
499000,Jul-06-2020,3305,87 Peter St,0,1,0,499,235,https://condos.ca/toronto/noir-residences-87-peter-st/unit-3305-C4818257
429900,Jul-07-2020,821E,36 Lisgar St,1,1,0,499,321,https://condos.ca/toronto/edge-on-triangle-park-36-lisgar-st/unit-821E-C4819476
409900,Jul-06-2020,004,1 Hickory Tree Rd,1.5,1,1,600,570,https://condos.ca/toronto/river-ridge-1-hickory-tree-rd-3-hickory-tree-rd/unit-004-W4818476
469900,Jul-07-2020,502,41 Markbrook Lane,2,2,1,1000,402,https://condos.ca/toronto/cascades-2-41-markbrook-ln/unit-502-W4819278
499000,Jul-06-2020,3305,87 Peter Street,1,1,1,401,235,https://condos.ca/toronto/noir-residences-87-peter-st/unit-3305-H4081929
459000,Jul-05-2020,S319,120 Bayview Ave,0,1,0,499,280,https://condos.ca/toronto/canary-park-120-bayview-ave-398-front-st-e/unit-S319-C4817929
439900,Jul-05-2020,1102,180 Markham Rd,3,2,1,1000,797,https://condos.ca/toronto/180-markham-condos-180-markham-rd/unit-1102-E4818051
419900,Jul-06-2020,308,10 Tapscott Rd,2,2,1,900,566,https://condos.ca/toronto/carriage-house-10-tapscott-rd/unit-308-E4818197
394900,Jul-06-2020,1506,236 Albion Rd,2.5,1,1,1000,792,https://condos.ca/toronto/236-albion-road-condos-236-albion-rd/unit-1506-W4818239
475000,Jul-08-2020,2812,181 Village Green Sq,1.5,1,1,600,441,https://condos.ca/toronto/ventus-ii-at-metrogate-181-village-green-square/unit-2812-E4821511
427717,Jul-04-2020,,55 Carscadden Dr,1,1,1,800,575,https://condos.ca/toronto/55-carscadden-drive-condos-55-carscadden-dr/c4817480
458000,Jul-04-2020,412,185 Bonis Ave,1,1,1,500,388,https://condos.ca/toronto/love-condos-185-bonis-ave/unit-412-E4817453
459999,Jul-05-2020,229,5225 Finch Ave E,2.5,1,1,700,416,https://condos.ca/toronto/woodside-pointe-5225-finch-ave-e-5235-finch-ave-e/unit-229-E4817691
489900,Jul-04-2020,512,4978 Yonge St,1,1,0,500,408,https://condos.ca/toronto/ultima-at-broadway-north-tower-4978-yonge-st/unit-512-C4816704
429000,Jul-04-2020,1006,121 Ling Rd,2,2,1,900,541,https://condos.ca/toronto/scarborough-wood-121-ling-rd/unit-1006-E4817154
495000,Jul-02-2020,902,7 Grenville St,0,1,0,499,241,https://condos.ca/toronto/yc-condos-yonge-and-college-7-grenville-st/unit-902-C4814432
480000,Jul-03-2020,205,3655 Kingston Rd,1.5,1,1,600,470,https://condos.ca/toronto/guildwood-3655-kingston-rd/unit-205-E4816060
485000,Jul-02-2020,306,233 Beecroft Rd,1,1,1,500,389,https://condos.ca/toronto/peninsula-place-233-beecroft-rd/unit-306-C4813599
495000,Jul-03-2020,603,101 Erskine Ave,0,1,0,499,295,https://condos.ca/toronto/101-erskine-101-erskine-ave/unit-603-C4815376
479900,Jul-02-2020,2405,215 Sherway Gardens Rd,1,1,1,500,343,https://condos.ca/toronto/one-sherway-tower-three-215-sherway-gardens-rd/unit-2405-W4814300
499900,Jul-02-2020,67,19 London Green Crt,3,2,1,1200,510,https://condos.ca/toronto/19-london-green-court-north-york
489900,Jul-02-2020,705,8 Colborne St N,1,1,0,499,718,https://condos.ca/toronto/cosmopolitan-8-colborne-st/unit-705-C4814176
459000,Jul-01-2020,810,1 King St W,0,1,0,499,662,https://condos.ca/toronto/one-king-west-hotel-residence-1-king-st-w/unit-810-C4813068
489000,Jul-02-2020,1104,3091 Dufferin St,1,1,1,499,380,https://condos.ca/toronto/residenze-palazzo-at-treviso-3-3091-dufferin-st/unit-1104-W4813843
485000,Jul-01-2020,199,262 John Garland Blvd,3.5,2,1,1200,535,https://condos.ca/toronto/252-john-garland-townhouses-242-262-john-garland-blvd/unit-199-W4812606
465000,Jul-01-2020,160,252 John Garland Blvd,3.5,3,1,1200,580,https://condos.ca/toronto/252-john-garland-townhouses-242-262-john-garland-blvd/unit-160-W4812796
439000,Jul-01-2020,208,150 Fairview Mall Dr,1,1,0,499,285,https://condos.ca/toronto/soul-fairview-150-fairview-mall-dr/unit-208-C4812772
495000,Jun-30-2020,2205,87 Peter St,0,1,0,499,230,https://condos.ca/toronto/noir-residences-87-peter-st/unit-2205-C4811688
419990,Jun-30-2020,1415,1 King St W,1,1,0,499,553,https://condos.ca/toronto/one-king-west-hotel-residence-1-king-st-w/unit-1415-C4811398
,,,,,,,,,
379500,Jun-29-2020,322,2645 Jane St,3,2,1,1000,960,https://condos.ca/toronto/2645-jane-street-condos-2645-jane-st/unit-322-W4810828
479000,Jul-03-2020,2210,17 Zorra St,1,1,0,500,297,https://condos.ca/toronto/park-towers-condominiums-at-iq-15-zorra-st-17-zorra-st/unit-2210-W4815473
489000,Jun-29-2020,503,38 Dan Leckie Way,1,1,0,499,251,https://condos.ca/toronto/panorama-38-dan-leckie-way/unit-503-C4810169
499900,Jun-29-2020,1607,128 Fairview Mall Dr,1,1,0,499,315,https://condos.ca/toronto/connect-condos-128-fairview-mall-dr/unit-1607-C4810800
499999,Jun-30-2020,738,68 Corporate Drive Dr,2,2,1,800,612,https://condos.ca/toronto/the-residences-at-the-consilium-2-68-corporate-dr/unit-738-E4811745
488000,Jun-29-2020,222,5 St Joseph St,0,1,0,499,259,https://condos.ca/toronto/five-condos-5-st-joseph-st/unit-222-C4809993
499990,Jun-28-2020,2105,3 Michael Power Pl,1,1,1,500,440,https://condos.ca/toronto/palais-at-port-royal-place-3-michael-power-pl/unit-2105-W4809583
329000,Aug-02-2020,,,2,1,1,700,570,https://condos.ca/toronto/50-lotherton-1-121-lotherton-pathway/w4809276
465000,Jun-27-2020,1203,180 Markham Rd,3,2,1,1200,871,https://condos.ca/toronto/180-markham-condos-180-markham-rd/unit-1203-E4808708
429900,Jun-26-2020,212,5 Massey Sq,2,1,1,900,816,https://condos.ca/toronto/crescent-town-6-12-crescent-town-rd-1-5-massey-sq/unit-212-E4808294
499900,Jun-28-2020,1602,840 Queens Plate Dr,1.5,2,1,700,512,https://condos.ca/toronto/the-lexington-condominium-residences-by-the-park-840-queens-plate-dr/unit-1602-W4809762
479900,Jun-26-2020,405,17 Zorra St,1,1,0,500,357,https://condos.ca/toronto/park-towers-condominiums-at-iq-15-zorra-st-17-zorra-st/unit-405-W4807959
499000,Jun-26-2020,1907,365 Church St,0,1,0,499,297,https://condos.ca/toronto/365-church-365-church-st/unit-1907-C4807842
434800,Jun-26-2020,611,180 Markham Rd,3,2,1,1400,797,https://condos.ca/toronto/180-markham-condos-180-markham-rd/unit-611-E4807529
285000,Jun-25-2020,601,235 Grandravine Dr,1,1,1,600,495,https://condos.ca/toronto/235-grandravine-drive-north-york/unit-601-W4806389
299990,Jun-25-2020,612,4062 Lawrence Ave E,3,2,1,1200,1132,https://condos.ca/toronto/lawrence-avenue-condos-4060-4064-lawrence-ave-e/unit-612-E4806695
476000,Jun-25-2020,1905,2627 Mccowan Rd,1.5,1,1,700,512,https://condos.ca/toronto/windsor-ii-2627-mccowan-rd/unit-1905-E4806332
449900,Jun-24-2020,1411E,576 Front St W,0,1,0,499,205,https://condos.ca/toronto/minto-westside-576-front-st-w-27-bathurst-st/unit-1411E-C4805146
450000,Jun-25-2020,1058,209 Fort York Blvd,0,1,0,499,225,https://condos.ca/toronto/neptune-neptune-2-at-waterpark-city-209-fort-york-blvd-215-fort-york-blvd/unit-1058-C4806222
499000,Jun-26-2020,303,85 The Donway St W,1,1,1,500,486,https://condos.ca/toronto/reflections-residences-at-don-mills-85-the-donway-w/unit-303-C4807160
490000,Jun-23-2020,1502,3091 Dufferin St,1,1,1,499,375,https://condos.ca/toronto/residenze-palazzo-at-treviso-3-3091-dufferin-st/unit-1502-W4803384
408000,Jun-23-2020,1802,1 King St W,0,1,0,499,533,https://condos.ca/toronto/one-king-west-hotel-residence-1-king-st-w/unit-1802-C4803452
499900,Jun-23-2020,331,600 Fleet St,0,1,1,499,343,https://condos.ca/toronto/malibu-condos-at-harbourfront-600-fleet-st/unit-331-C4802970
455900,Jun-22-2020,L04,73 Richmond St W,0,1,0,499,315,https://condos.ca/toronto/graphic-arts-building-73-richmond-st-w/unit-L04-C4801732
269000,Jun-21-2020,1007,3 Marine Parade Dr,1,1,1,600,500,https://condos.ca/toronto/hearthstone-by-the-bay-3-marine-parade-dr/unit-1007-W4801612
495100,Jun-19-2020,1615,430 Mclevin Ave,2,2,1,1000,562,https://condos.ca/toronto/mayfair-on-the-green-3-430-mclevin-ave/unit-1615-E4800057
499900,Jun-19-2020,G11,24 Noble St,0,1,1,499,328,https://condos.ca/toronto/noble-court-lofts-24-noble-st/unit-G11-W4799962
445000,Jun-20-2020,1216,1 Massey Sq,2.5,1,0,900,659,https://condos.ca/toronto/crescent-town-6-12-crescent-town-rd-1-5-massey-sq/unit-1216-E4800593
465000,Jun-21-2020,508,1 Rosebank Dr,1,1,0,600,210,https://condos.ca/toronto/1-rosebank-drive-scarborough
395000,Jun-18-2020,,7 Brimley Rd S,2,1,1,499,1100,https://condos.ca/toronto/7-brimley-road-south-scarborough/e4798464
468000,Jun-19-2020,,,1.5,2,2,1000,714,https://condos.ca/toronto/monterey-175-bamburgh-cir/unit-312-E4800320
484000,Jun-18-2020,167,252 John Garland Blvd,3.5,2,1,1000,508,https://condos.ca/toronto/252-john-garland-townhouses-242-262-john-garland-blvd/unit-167-W4798591
499900,Jun-18-2020,1402,511 The West Mall St,3.5,2,1,1400,865,https://condos.ca/toronto/511-the-west-mall-511-the-west-mall/unit-1402-W4798255
384900,Jun-19-2020,,,3.5,1,1,900,824,https://condos.ca/toronto/50-lotherton-1-121-lotherton-pathway/unit-214-W4799421
499000,Jun-18-2020,3402,101 Peter St,0,1,0,499,221,https://condos.ca/toronto/peter-street-condos-101-peter-st/unit-3402-C4798358
415000,Jun-19-2020,1021,1 Leila Lane,1,1,1,499,,https://condos.ca/toronto/the-yorkdale-1-leila-ln-152-160-flemington-rd/unit-1021-W4799468
499900,Jun-19-2020,1120,32 Trolley Cres,1,1,0,500,346,https://condos.ca/toronto/river-city-ii-20-38-trolley-cres/unit-1120-C4799145
499900,Jul-31-2020,1120,32 Trolley Crescent,1,1,1,527,346,https://condos.ca/toronto/river-city-ii-20-38-trolley-cres/unit-1120-H4080624
324900,Jul-01-2020,203,235 Grandravine Dr,2,1,1,800,608,https://condos.ca/toronto/235-grandravine-drive-north-york
429999,Jun-18-2020,825,200 Dundas St E,0,1,0,499,190,https://condos.ca/toronto/dundas-square-gardens-251-jarvis-st-200-dundas-st-e/unit-825-C4797533
499999,Jun-16-2020,817,6 Humberline Dr,2,2,1,1000,633,https://condos.ca/toronto/king-s-terrace-6-humberline-dr/unit-817-W4794930
489800,Jun-17-2020,1309,9 Valhalla Inn Rd,1,1,1,500,376,https://condos.ca/toronto/triumph-at-valhalla-9-valhalla-inn-rd/unit-1309-W4796777
429999,Jun-18-2020,725,200 Dundas St E,0,1,0,499,190,https://condos.ca/toronto/dundas-square-gardens-251-jarvis-st-200-dundas-st-e/unit-725-C4797111
499988,Jun-17-2020,710,2825 Islington Ave,3,2,1,1200,599,https://condos.ca/toronto/swiss-court-2825-islington-ave/unit-710-W4795760
449000,Jun-15-2020,,,3,2,1,1200,835,https://condos.ca/toronto/oaktree-estates-1250-bridletowne-cir/unit-507-E4793365
499000,Jun-16-2020,322,1410 Dupont St,1,1,0,600,362,https://condos.ca/toronto/fuse-1410-dupont-st-1420-dupont-st/unit-322-W4794174
499900,Jun-16-2020,320,19 Singer Crt,1.5,2,1,700,608,https://condos.ca/toronto/discovery-i-and-discovery-ii-15-33-singer-crt/unit-320-C4794284
475000,Jun-16-2020,,,2.5,1,2,900,639,https://condos.ca/toronto/60-pavane-linkway-condos-60-pavane-linkway/unit-1009-C4794375
449000,Jun-13-2020,1010,1950 Kennedy Rd,2,1,1,900,560,https://condos.ca/toronto/dorset-towers-1950-kennedy-rd/unit-1010-E4792397
479900,Jun-13-2020,510,625 The West Mall,2.5,2,1,1200,873,https://condos.ca/toronto/summit-royal-625-the-west-mall-627-the-west-mall/unit-510-W4792344
498000,Jun-12-2020,1907,1328 Birchmount Rd N,1.5,1,1,600,492,https://condos.ca/toronto/2150-condos-1328-birchmount-rd/unit-1907-E4790574
338000,Jun-11-2020,# 902,320 Dixon Rd,2,1,1,900,600,https://condos.ca/toronto/320-dixon-road-etobicoke
399900,Jun-10-2020,125,256 John Garland Blvd,3.5,2,1,1200,580,https://condos.ca/toronto/252-john-garland-townhouses-242-262-john-garland-blvd/unit-125-W4787909
459900,Jun-10-2020,PH1216,80 Esther Lorrie Dr,1.5,1,1,500,476,https://condos.ca/toronto/cloud-9-80-esther-lorrie-dr/unit-Ph1216-W4787634
459900,Jun-10-2020,1207,840 Queen's Plate Dr,1,1,1,500,405,https://condos.ca/toronto/the-lexington-condominium-residences-by-the-park-840-queens-plate-dr/unit-1207-W4787020
449000,Jun-09-2020,212,17 Anndale Dr,0,1,1,499,283,https://condos.ca/toronto/savvy-38-70-glendora-ave-17-19-anndale-dr/unit-212-C4786265
499000,Jun-09-2020,409,8 Scollard St,0,1,0,499,390,https://condos.ca/toronto/the-lotus-8-scollard-st/unit-409-C4785766
499990,Jun-07-2020,110,621 Sheppard Ave E,1,1,0,499,299,https://condos.ca/toronto/vida-condos-at-bayview-village-621-sheppard-ave-e/unit-110-C4783870
475000,Jun-08-2020,1407,1 Massey Sq E,2,1,1,900,766,https://condos.ca/toronto/crescent-town-6-12-crescent-town-rd-1-5-massey-sq/unit-1407-E4784444
499888,Jun-07-2020,1405,61 Town Centre Crt,1.5,1,1,600,587,https://condos.ca/toronto/forest-vista-61-town-centre-court/unit-1405-E4783837
434900,Jun-07-2020,1905,3 Massey Sq,2,1,1,1000,850,https://condos.ca/toronto/crescent-town-6-12-crescent-town-rd-1-5-massey-sq/unit-1905-E4783920
485000,Jun-08-2020,1411,840 Queen's Plate Dr,1.5,2,1,700,500,https://condos.ca/toronto/the-lexington-condominium-residences-by-the-park-840-queens-plate-dr/unit-1411-W4784075
369000,Jun-05-2020,212,2 Glamorgan Ave,1,1,1,700,559,https://condos.ca/toronto/the-copenhagen-2-glamorgan-ave/unit-212-E4782507
409888,Jun-05-2020,1707,340 Dixon Rd,3,2,1,1200,611,https://condos.ca/toronto/320-dixon-condos-330-dixon-rd-340-dixon-rd/unit-1707-W4781545
499000,Jun-04-2020,505,777 Steeles Ave W,1.5,1,1,600,514,https://condos.ca/toronto/777-steeles-ave-w-777-steeles-ave-w/unit-505-C4780465
469900,Jun-06-2020,# 1212,840 Queen's Plate Dr,1.5,2,1,500,415,https://condos.ca/toronto/the-lexington-condominium-residences-by-the-park-840-queens-plate-dr/unit-1212-W4783103
499000,Jun-02-2020,1406,3233 Eglinton Ave E,2.5,2,1,1200,936,https://condos.ca/toronto/guildwood-terrace-3231-eglinton-ave-e-3233-eglinton-ave-e/unit-1406-E4776886
275000,Jun-01-2020,1101,4645 Jane St,2,1,1,900,735,https://condos.ca/toronto/4745-jane-street-condos-4645-4771-jane-st/unit-1101-W4775818
489900,Jun-01-2020,844,830 Lawrence Ave W,1,1,1,499,339,https://condos.ca/toronto/treviso-2-830-lawrence-ave-w/unit-844-W4775654
488000,Jun-01-2020,#28,11 Livonia Pl,3.5,3,2,1400,800,https://condos.ca/toronto/11-livonia-condos-11-livonia-pl-21-livonia-pl/unit-28-E4776291
380000,May-30-2020,1521,1 Leila Lane,1,1,0,499,,https://condos.ca/toronto/the-yorkdale-1-leila-ln-152-160-flemington-rd/unit-1521-W4774790
425000,Jun-01-2020,2504,380 Dixon Rd,3,2,1,1000,738,https://condos.ca/toronto/370-dixon-condos-370-390-dixon-rd/unit-2504-W4775472
495990,Jun-19-2020,725,2995 Keele St Dr,1,1,0,500,336,https://condos.ca/toronto/saturday-in-downsview-park-2995-keele-st-50-george-butchart-dr/unit-725-W4772212
359900,May-27-2020,2304,330 Dixon Rd,3,2,1,1000,674,https://condos.ca/toronto/320-dixon-condos-330-dixon-rd-340-dixon-rd/unit-2304-W4771070
465000,May-14-2020,1010,28 Wellesley St E,0,1,0,499,224,https://condos.ca/toronto/vox-condos-28-wellesley-st-e/unit-1010-C4760931
479900,May-14-2020,910,28 Wellesley St E,0,1,0,499,224,https://condos.ca/toronto/vox-condos-28-wellesley-st-e/unit-910-C4760991
445000,May-13-2020,318,121 Mcmahon Dr,0,1,0,499,307,https://condos.ca/toronto/tango-121-mcmahon-dr/unit-318-C4759998
,,,,,,,,,
445000,May-11-2020,1209,1 Massey Sq,2,1,0,900,741,https://condos.ca/toronto/crescent-town-6-12-crescent-town-rd-1-5-massey-sq/unit-1209-E4758178
435000,May-02-2020,736,251 Jarvis St,0,1,0,499,197,https://condos.ca/toronto/dundas-square-gardens-251-jarvis-st-200-dundas-st-e/unit-736-C4752693
459900,Apr-28-2020,322,4208 Dundas St W,1,1,0,500,250,https://condos.ca/toronto/kingsway-by-the-river-4208-dundas-st-w/unit-322-W4749542
364999,Jun-09-2020,209,40 Panorama Crt,2,1,1,1000,570,https://condos.ca/toronto/40-panorama-court-condos-40-panorama-crt/unit-209-W4746892
465000,Apr-23-2020,602,840 Queen's Plate Dr,1.5,2,1,700,512,https://condos.ca/toronto/the-lexington-condominium-residences-by-the-park-840-queens-plate-dr/unit-602-W4747386
479000,Apr-21-2020,1214,251 Jarvis St E,0,1,0,499,200,https://condos.ca/toronto/dundas-square-gardens-251-jarvis-st-200-dundas-st-e/unit-1214-C4745820
489000,Apr-15-2020,3111,251 Jarvis St,0,1,1,499,,https://condos.ca/toronto/dundas-square-gardens-251-jarvis-st-200-dundas-st-e/unit-3111-C4742408
499999,Apr-12-2020,2303,8 Colborne St,1,1,0,499,711,https://condos.ca/toronto/cosmopolitan-8-colborne-st/unit-2303-C4741254
351000,Jun-05-2020,903,370 Dixon Rd,2,1,1,900,635,https://condos.ca/toronto/370-dixon-condos-370-390-dixon-rd/unit-903-W4734472
499000,Mar-12-2020,1005,1883 Mcnicoll Ave,2,2,1,800,602,https://condos.ca/toronto/bamburgh-gate-manor-north-1883-mcnicoll-ave/unit-1005-E4717715
349000,Mar-03-2020,,,2,1,1,600,500,https://condos.ca/toronto/785-browns-line-etobicoke
438888,Feb-24-2020,1604,101 Subway Cres,1,1,1,499,555,https://condos.ca/toronto/the-residences-at-kingsgate-101-subway-crescent/unit-1604-W4699913
460000,,811,2020 Mcnicoll Ave,1,2,0,700,584,https://condos.ca/toronto/2020-mcnicoll-avenue-scarborough
460000,Jun-02-2020,,"15 Neighbourhood Lane, Unit 401",1,1,1,499,,https://condos.ca/toronto/the-king-s-mill-condos-153-berry-rd-15-neighbourhood-lane/unit-401-_c102
